XTC,n
GIB,n
TXU,n
WQI,n
OWM,n
APX,n
KTR,n
QAE,n
SHG,n
XRA,n
AHY,n
DMI,n
HZA,n
ZFX,n
KRJ,n
SXH,n
SXP,n
EBY,n
MYH,n
FDQ,n
LIY,n
IDU,n
RFD,n
PHE,n
BDY,n
FMP,n
YIL,n
KOB,n
WHP,n
IXC,n
DDP,n
BMP,y
YKW,n
IXY,n
CAD,y
LZB,n
MYO,n
AOO,n
LVH,n
IVP,n
DMP,n
EYB,n
ELZ,n
OHQ,n
BXC,n
ZRE,n
VBU,n
SCF,n
AYS,n
ALK,n
XQT,n
ZHP,n
OKZ,n
VAF,n
JYO,n
BWR,n
XPJ,n
KAC,n
TVD,n
JEZ,n
FCE,y
FBV,n
CLX,n
NGE,n
OZT,n
WQR,n
CAN,n
VZA,n
AAH,n
SGS,n
BAY,n
KCU,n
YYS,n
JCF,n
AES,y
HXU,n
RIE,n
HEM,n
BRW,n
PAD,n
XLJ,n
IJJ,n
UHQ,n
CYL,n
WHK,n
GZG,n
RVJ,n
FCK,n
JWA,n
OIV,n
NPG,n
QDP,n
KWC,n
UWK,n
PIM,n
JXP,n
TAS,n
RKC,n
RZT,n
NSR,n
PER,n
UFA,n
TIH,n
BDT,n
CHV,n
DTB,n
YND,n
PLV,n
BYP,n
QDA,n
YXL,n
MHX,n
ABN,n
NVJ,n
LBK,n
FBM,n
KUT,n
MUA,n
LYA,n
IET,n
MLN,n
NJE,n
KHG,n
RIT,n
WNU,n
MRN,n
NPW,n
WQB,n
WMJ,n
OHB,n
IKQ,n
APR,y
EIQ,n
BXF,n
IKP,n
RTG,n
LBV,n
RSI,y
SHE,n
QHJ,n
SOZ,n
VUR,n
MPQ,n
OLV,n
RFZ,n
MNB,n
XGA,n
NVI,n
PHZ,n
NAB,n
LLX,n
OEU
IKZ
NLF
KKF
ULU
CET
PWS
WWZ
REJ
QRN
JXI
EYE
RBP
ZVQ
GJF
GHV
FLJ
EHN
EMD
LYD
QJO
FUK
PST
RSQ
HNR
TTF
FXD
AOK
QMP
YKQ
OBA
XUI
XCE
FGS
MAW
YWV
VZH
UHO
PNB
AKA
ROD
RBU
KMD
KMR
YOT
HKM
JDJ
PKP
UPE
MUG
PUX
FUZ
ICD
HXO
DNB
RMN
SBF
VOD
HWP
BBK
MJG
CXK
MOZ
JNN
MHP
WFN
LAA
QRD
JPP
UYC
QWE
OMS
HZD
UNP
QZP
UTE
JWV
XGW
TZZ
ROT
VMO
LDU
OAV
ESH
LUK
ZPZ
VEW
YZI
XYS
CST
KTK
YUC
PXJ
SEX
RLY
CUM
ACG
MZX
FRG
KLS
MUD
TTX
CWH
DUA
PPD
VSS
XVR
FRZ
QSU
JKL
PTO
PCO
VAH
EJE
ERK
OWU
AQM
FKI
ASH
TEU
KOL
AWD
TAA
LGZ
MIU
RYB
WWJ
HRG
RUI
JWR
XZD
BWL
NRH
UUR
KSY
VLI
DKX
HGN
MTV
KXF
ZUQ
GNE
HKO
KHD
RFY
QGT
ZAW
IXO
RGT
EIE
MXF
JED
RVQ
EWJ
UAB
BXG
NOY
FZQ
PRF
URL
DOF
ZAX
LCM
JAF
PTV
ZNQ
BBO
EDE
IXG
UIH
MXC
TWP
RQG
QRJ
WWH
PTZ
UXJ
IVU
PXQ
NGU
GZA
EZW
MDF
AUO
OYE
IFM
DDD
IJZ
FUT
GEN
QEL
VCZ
KXS
JOW
LWR
TIW
ZBG
UCZ
REN
BEP
ORT
IUY
UCW
XHX
IJK
KZW
XFO
MUJ
WBP
XPL
MYM
WOX
JVA
GIT
EOI
BHZ
ZFR
QRW
AMN
PHI
GAO
TMM
QUV
IVT
EZT
RFJ
BSP
GFW
LIF
SKD
VME
YEW
XPS
BXW
JJE
TRH
MWL
GHI
ACX
PXO
ZWD
IMC
FPV
FFG
AZR
IVY
DNT
CZO
OVO
LTP
IES
LNI
XFX
ZVY
KAA
JJK
JFP
CBI
ILM
EVK
ODX
ZSM
UAQ
TFV
UXX
CQH
MEJ
QGU
EFF
ENM
YQF
TWS
COV
VXG
HDT
QJV
ETC
VSB
YJP
GXF
OMR
VTC
LGV
ESG
APJ
KNF
TEC
LSL
EXH
UYN
UJT
HLE
TGH
UAI
WVT
DUF
LHP
APS
JRE
KDR
CNL
KUL
VNB
KYQ
IQQ
VEC
EKJ
PDS
DBR
RJX
NDR
PBT
CWJ
PIA
FXZ
KPG
UEH
QUM
IBA
YXY
EIS
JFL
VVV
EYM
EJJ
FAM
KAI
VQM
MOY
EQR
KWG
PCS
GJE
HGK
WDB
TGS
OLM
EDQ
XJB
IRX
BSI
JLD
CXE
MKX
ICL
FBF
OJM
QOJ
HCP
VRP
KXO
ICA
UZY
VZF
FKA
GLA
ILW
CIW
QPW
EEI
PGV
QVS
NEU
SBR
TWA
EFO
WNN
YOR
SJB
ZOB
JJQ
AQO
YVV
KAY
ROE
QSS
HVL
LRN
BQN
FYI
FZK
NVW
JVW
GJQ
ASR
CME
LDV
MUQ
KPA
BER
WCQ
WPL
PCZ
RLA
FZW
CJV
PFH
KEU
ORQ
IEJ
BUK
XRN
GSI
YLZ
KQV
YFT
CRM
FZF
XLY
WWA
PYG
JIQ
UNI
IMO
XTK
ALV
IPV
VOX
CDJ
REP
GGK
RLQ
HDL
VJU
MQH
WOJ
VTU
STU
SUY
ZEU
FXN
HSV
VMA
VPK
ATY
GVV
YOO
CYA
EIC
UIZ
IVK
GXA
WXI
MWN
TLV
SDT
DJD
CGL
DHS
ELL
MZL
YNR
MWV
OOA
NCV
LSZ
PYW
TXP
ADC
GAY
BMJ
ESB
QUS
LKT
QOK
FGZ
FQQ
GZJ
LWL
NIW
DOT
QVL
TBS
MYY
MAO
ZRH
DGG
UAK
XOD
WKU
WSP
ZFY
BCY
VAI
DVM
XDH
ADW
CSR
UZZ
PTR
RUB
DJW
CSP
UIW
FNH
XGP
JXN
MUY
SBN
VYI
MOX
ALJ
WIV
CKK
UZF
XOK
AVF
TON
RLL
MZU
ODC
AHA
SJM
MCC
WJN
UCH
XIN
GIK
RXU
PMH
SFF
BDF
EGK
WES
PYE
WQG
URJ
BSU
OXW
QCZ
DBH
DSP
KSX
NSZ
EZO
NKX
JMR
HQJ
FSP
KNQ
UOA
DYU
QNZ
MIR
QFW
KVR
RVK
NUX
ZYF
UIL
UQK
FFV
ZPP
QUT
IPA
JUM
KCT
WEN
IBY
LFE
BBD
XAZ
AXJ
PGU
YFS
HFT
APQ
JWU
YLB
OWO
JDX
UWP
FBH
VSW
POE
LOB
FAQ
DUT
ERD
DPR
ALE
XMP
JOZ
ZYW
XBG
OJT
EAH
BMR
OCI
PGF
PXE
TJW
POK
NRP
HJO
SYG
GDR
ONZ
OYB
BOR
PTJ
DSR
PDP
BOH
MZP
LAO
ZRQ
PYK
AMW
OPY
WIL
ZFL
GJH
UQQ
VHS
TZO
ZBY
HHJ
MPY
UIE
BMN
DPS
RST
WYR
WYB
YIU
GXQ
AVL
YXM
ESD
KLQ
XJN
GEO
NKP
QSL
KWJ
YDY
WJB
MIV
KQW
EHD
GPO
MPC
UEQ
BTC
VQA
XGV
EZG
BDO
VPT
ADT
JTI
WOD
XXJ
SEQ
PRY
ZBI
NHE
IHK
YOD
PIG
SVV
MCS
LGN
BZN
MTP
VUH
RVX
MYV
YQP
FQT
BYJ
PUP
MKZ
XTX
JDA
VGZ
AXE
PBL
PEH
VTW
HPE
XZT
MTL
FBT
VJN
PWC
UKM
HLK
ZVZ
BAA
JKI
CDX
JOU
AQA
HBZ
YRT
NWA
LAU
QAQ
SMJ
UPT
KTS
HCE
DHC
PNX
TTS
HNY
OZO
ISC
CNE
TOF
DDG
ANN
QHR
MJD
QOG
QTL
TVS
WRO
WQX
EJK
WAX
CRP
HTY
RAV
DRB
IUD
HPZ
IBG
WNB
MOW
MIL
KDF
QGO
FIP
LTL
HWC
NQL
SRY
GFL
MDP
VNK
MPN
TLI
QHT
CCY
WFQ
RSO
HVD
VAZ
FIA
TLC
ADA
XYG
VWL
RIP
OXO
FTI
EDC
XNK
IPU
PNL
RUM
SFU
RDK
XVL
XWE
NKI
VPI
YMH
TKV
BQY
PIK
PBQ
UKF
JKP
EUN
AAY
VNZ
GHH
AVN
LJX
MKV
NBT
WVW
GEK
UDK
VHV
FSH
PUJ
QRY
ZWH
THP
PAK
XET
KKN
BTY
GCJ
NSA
MTT
QEJ
UEM
MXG
UME
VKK
IJX
VJS
EYD
QXV
LMK
NKU
RUA
BVB
QPN
HCW
HRW
VZP
RWO
YDS
PVF
ZBW
CUN
DWF
PRV
IAE
IGB
VYH
ZQO
DIW
CIK
UCE
TOG
SZG
BGT
YSY
TOB
JBR
ADP
EHF
URW
WDQ
FJL
AVD
MXS
VKV
COC
VTT
FQI
HBT
RNX
TDC
EGE
DHG
UHR
ISG
ROX
EXS
QFD
PNJ
CKF
VFV
XXU
KGK
KUC
GLI
ZGT
XHJ
KUN
MEH
BMV
FDP
MJK
WRH
LHK
PFF
GHT
GRQ
ZST
CIS
FAL
UII
BNU
LLC
VLZ
ZDB
ELS
VJV
YJS
QGP
SGH
PPS
ZIL
NFJ
BCI
CYM
GSG
QDH
KLZ
MFP
SWY
SXL
WLL
BLZ
TFN
EHL
EVN
OOW
NFD
FRI
TBV
NFG
URA
IUK
BSW
JJW
OYU
TOW
YQD
GEM
GMS
SNR
IYU
OLI
DMH
OXB
TYN
RAS
WHC
YOU
QFH
POW
NGR
BZV
REL
NRF
ROK
XAH
IRZ
RLX
XGS
WXA
VVE
ORL
CEI
JBY
BOG
VTP
VOR
RBG
LOT
ILP
IBJ
XWF
KHE
CFK
FVL
NPR
LKO
CDU
BKO
HCA
VRF
DGB
OZY
SVM
QMF
WLM
FWS
NXN
RML
RVZ
TIY
ZMA
IML
PZC
JVJ
LAX
DFR
RTZ
WAH
FAK
AZA
TXC
RVU
BQA
ICB
YGQ
RDU
UVN
NVL
QIM
BZP
IRC
IDF
OWQ
TRA
BGF
NRC
CBA
OBW
CRE
SIP
ZDP
SGK
XGF
PDK
WYZ
OYM
HUL
TDF
ZLJ
AKR
LFJ
JTK
PIF
MQM
WRR
LUS
CDY
FYH
FDR
LVT
UXZ
VIE
BBS
ALS
GNY
OMV
RUC
OSC
KKA
STT
MQZ
BQS
XRZ
QPX
ZQF
IDM
JTZ
OZR
GKU
RJD
PWR
BNC
OYP
GJP
ELF
GTC
UEW
XNQ
PJM
WCX
ECK
CUB
NYP
HWM
GMI
SLZ
JVC
JLU
GPE
QXM
KFK
WGM
YKU
TSQ
JLA
XBA
CAZ
KDW
QFF
KZN
NIQ
MNR
BYI
TQK
MGQ
IJC
TIN
JTW
SVA
SBH
AQJ
LJE
MKW
LYB
IFA
EGH
WTU
QSP
URC
PGA
HNJ
VBY
RWP
BRH
JJZ
FZB
NEP
YOQ
VXP
NOV
VJP
WRD
NOZ
TLQ
AVX
ZUC
KJU
RKU
XPK
JND
UQM
RBD
UMH
WYP
NQK
UBK
QQD
OZW
XHK
BYW
VIO
AJS
JNC
GMR
FTG
KPL
NEJ
IWX
SHO
FPH
XOY
ZSD
ONU
TQQ
OKS
MOR
UVE
KRA
EQP
WDI
KLJ
EFT
TKH
PMY
PJB
SQX
HNC
DSV
FDN
LCT
QEE
WWX
FIQ
ZUN
PND
ESW
UTL
EDB
LYR
YDW
TNF
GWI
CKQ
NNA
BEW
UGX
FEA
WGH
PFD
PBN
UGJ
VWY
EFM
GFH
KEY
XFL
KFP
KAK
ZRJ
IJH
NIS
EHC
RPO
CLZ
FWX
FYA
ZVS
SLR
ZAQ
DTR
TVT
VAE
JDZ
BGV
KGW
RYE
SYP
MKR
BPE
ZNS
JXW
NEZ
GCT
GHQ
MJS
DJI
YSG
YBB
QDQ
ZII
XCJ
DFH
ASX
IYD
QQS
ISP
ETZ
QOH
UCP
SVY
FMS
ZJQ
EUO
KHK
MDK
MBU
FSV
IAT
XNO
QBU
CHX
VZO
AEL
LAV
ZKC
BFA
NCM
YPD
HJP
LJT
TPC
NDY
SVH
ZDZ
XWT
RMP
XXQ
ZJF
SOI
XZQ
QJR
MEZ
NHF
XPW
TGG
BIJ
AZP
OBO
NSV
MPI
TDE
GZE
LHE
DKN
WJM
WGN
OKF
XHZ
NPZ
BTD
RGF
NTJ
CNV
FEC
ICF
XQE
LIC
LGX
QLU
JDI
NVS
YSX
LEU
LOV
SDF
USR
XLC
DZN
SRA
CPT
THF
PSZ
RCO
OOE
JGL
NOM
JXQ
LCQ
YMZ
RUR
SSX
MNX
JVH
DOO
PUI
DJL
TAN
UAT
VRT
UFN
VXH
GYK
EBE
VEB
OPS
PYZ
VRN
KOC
CGU
OYZ
RZN
XVH
MIJ
OIA
KXI
LMO
FAS
BVU
JBJ
XNL
KXE
LKC
VXB
JMT
JZR
ETR
FPF
USQ
BIQ
QYN
ANX
BBG
QCA
WIJ
BQX
YJK
RVB
QOU
ONO
KWZ
XCR
QLL
GKB
HZY
GNB
PZF
FAF
QKW
URE
MYS
IMW
MMO
AGG
JOS
CVJ
AIL
SQO
OQM
VWE
FUX
RHJ
VDC
CTE
RTA
PPR
YBR
PBV
OKD
CDA
XOQ
OTW
LWS
YWQ
HCF
OTE
ONF
HUY
CZD
SKA
GTT
HKR
VQP
NFP
ATE
PBP
AFN
GYG
UNL
MYA
VVK
PTQ
KUF
ZTE
RYV
DKG
CTG
QYD
YQX
NWN
JBS
HOF
HMB
GYQ
GXB
TNL
FUY
EJZ
LYV
HGI
HBY
TLT
PJE
MYQ
AHV
DYE
ILS
DTI
JPU
TYR
CFM
MMU
HVS
AHD
KMO
RCI
CLW
BFH
IZL
HFG
LDY
GJV
ZAF
IRL
CSU
JHY
KTP
WQZ
ILJ
STB
LAH
MPP
HVN
SII
NDZ
ATZ
LEQ
MDV
DQT
JCT
CSM
PZO
LSV
ZQY
TST
QDT
YXH
VNS
IPW
BJO
EIW
TZM
HHT
WKF
ZUY
GWY
XQL
DHQ
YAI
OJA
XJD
VFD
EGF
ZXF
BUF
KTY
NIY
BLS
JOA
KFJ
TCW
FDF
QBB
RTM
MTY
KHJ
YSW
VLC
VRZ
UYE
PZB
CDQ
WLB
FVD
BDX
CHR
PCE
YNV
ITI
HYG
OBV
YNC
CUH
MBF
OBR
TTC
AMT
VFE
OQG
SPF
MJU
YLF
GYC
NYB
QLE
GJC
NCI
BQD
WGQ
UXW
BOJ
RGU
TRY
NZK
AQI
MDG
BFV
PPM
TPD
JJH
UFI
JBW
UWL
QBL
DJK
YGV
LYL
IOD
IBF
ADH
FZT
GTL
HON
VGL
CTP
LRV
AEU
YDC
NVY
PKJ
OLY
EAV
ATO
FZP
NMX
HDO
SFJ
YRZ
MCO
BTV
HBJ
KUA
RXR
OGJ
FAN
KRS
FSE
ZHZ
LWH
COI
QFP
XIY
ETO
LMT
IQH
NYT
WLJ
BFJ
XAE
YZP
AUM
QNM
NAA
IPL
RPV
HZJ
HNZ
GIH
NOJ
ZWO
JFE
QBR
WLN
WSO
BXB
XIV
YMD
VYX
IHN
WGY
JKB
FVM
HMT
WIK
GBW
RNL
SIF
YOY
EWL
AYR
DAS
RPE
JOJ
YDE
DFD
BKI
RJL
RTC
GYU
HOG
ZMI
FXA
TXE
XVK
PDF
MSW
OYA
AQQ
PBM
XQB
TJI
ZID
FHI
ESQ
BMB
FLK
SRR
BRT
OVR
NST
NSH
ZDV
RMU
SEL
IKV
NUL
QQG
NFM
BAD
TLD
GHK
YUW
ICG
DXX
KWF
EUL
MJF
GQJ
RAH
IBK
OMI
MZV
MEI
IHS
BKP
GFX
OMN
AZW
KRK
RVS
UOL
WNH
PHP
EVU
FGP
SXC
PJN
GXM
NBU
JZK
NRM
BIE
SCH
RGI
WFH
IFN
WUD
GJY
ENU
XKR
VNY
EIP
FOZ
KVU
JJB
YPI
GUV
UNN
UAP
VHI
AIM
KFA
HSC
AHW
JVE
PLT
QYO
FJF
UJQ
JCQ
EGD
OXP
EZN
NWK
VSF
UIR
ORO
IPB
DMX
AQN
UHJ
AOY
KHM
QYB
JDE
NIT
EXP
OYK
GFV
VJK
NOK
MES
OGC
EUZ
KYW
TTZ
BCR
JNP
KKB
SLG
OOR
SGE
SJG
YLH
SYM
NMH
OHR
JKZ
KVG
UVD
VIG
GCF
MQT
JAG
ISE
LPT
JIF
XKG
NPF
YBE
AJF
UET
NZO
KJI
PHR
AEC
DLL
KPU
PCA
WDE
OTR
MBC
HNA
HXQ
OGH
PFS
YTM
VUB
JFN
PIE
ONA
TJK
QNX
SAL
DNW
AXN
XHB
RIG
GHB
YMY
LTR
VDN
WPC
IDA
WFD
FFF
AWE
ULE
SRF
NJH
JLQ
CDK
ZPC
EVM
QGK
KHZ
ZUD
YAV
BUP
VLU
WBQ
QCQ
SCU
OKB
QGA
ZNC
BKY
YSU
RFU
BUD
TCN
CBQ
FTN
XNW
ZPR
XRP
VBZ
CSV
HNT
EZB
KFS
DMG
WKQ
IGY
GQB
SGQ
JJA
NLL
ZQQ
ZOR
KYS
ZYU
XYO
QPP
BZK
BKU
URN
XSS
VGB
ARE
GPG
UWF
QPA
UKA
YIX
JAK
DLA
TYJ
VYM
RRG
NTV
NQP
ZBZ
HYT
TZR
EYL
EVG
VOM
BSV
AXL
UBJ
CKV
KBW
JMF
UWJ
KFV
MQG
ARL
MSA
QUI
RPY
RFL
IVS
SBK
GAG
WTM
DYI
QAU
WRI
JMD
KAB
DLT
DBK
GLF
CCV
ULY
OTY
QFL
HTS
TLK
PFJ
EDY
YTK
BWJ
FPW
LZH
SJX
YKY
JUT
VTE
OBM
VHY
FCY
UGC
IZG
MQS
EKV
GPA
THW
OOQ
VJR
SHC
MVF
UAM
OHN
LXC
LEY
LVA
ZIV
UYB
ZUK
NKJ
WAN
RHL
PLL
NGZ
KTC
UMY
ZBC
VKU
ZRV
VEM
DBV
MME
TPV
KOU
MSK
TIG
CBZ
BIL
OUY
KAF
NZX
DYH
GGE
RTK
EPP
WOG
ZES
XUH
KDC
HIU
KDY
NED
GGX
RXC
NTE
YNX
KQF
ZGC
EFD
OYL
BYD
FGA
DNP
KCI
NIN
CBX
KQS
KGD
IZH
EKR
QIX
GMP
AHP
CNO
ELK
FBB
LCU
OCZ
XVC
SPK
ADZ
ORD
SDS
JKO
WEZ
NNW
CDV
PKR
YPL
TXA
XZU
OOT
LFX
QPF
IEA
ZDR
MFE
ZWZ
BAG
NNT
ETQ
RHN
STA
ZUU
JQB
HXT
STO
ZRU
VEX
TPA
OLP
GFG
BTO
PBY
LYS
QAK
LZR
BYH
MKB
JDT
MWR
XBK
XPY
XAN
TYU
EEQ
LQZ
MVB
YUO
GCL
WZW
WLS
MUK
TUB
QTC
FOW
WOL
XMX
OIE
PFC
ZUP
ZKL
BUY
TDA
JTG
DQC
HTA
EVO
IWZ
TLG
XMH
QZA
FFX
MHT
TAY
SKK
MTX
EGG
AHO
JBV
ZOE
IXR
HBI
WGO
WHS
RBV
NJB
LNX
TAV
MVI
VEJ
YRE
IXP
QLD
GYR
ENH
CIF
FKE
ZSY
UMF
LCW
FII
CGV
QOS
TCP
UJG
FWY
INI
PDC
HXM
HQT
CPA
YGX
KKX
HGS
QBV
IKN
XEP
KGN
TYY
ZEW
TEK
LVI
NZP
BBN
XIQ
CVK
GPV
OYD
SGI
NPO
LZS
DSU
YVN
FPS
TTV
SLL
RBB
RIK
UGV
KZQ
ISH
RRO
BMM
EAI
DAW
JWK
BKS
IYO
GDJ
COW
FXQ
NSG
YQS
SRB
UNK
TNT
VIS
XTY
DCN
MFG
UCM
QVR
HQK
BTP
QSY
SAT
VHL
JJG
JNL
DGW
OYY
CXI
SHV
HEJ
OWI
PBI
HYJ
ZVT
JRF
YOV
ANK
XDT
ZNI
RLJ
BZO
ZAU
NKE
EIF
ZOL
IFD
PKK
GJN
ROV
OTX
ESI
ISL
OBB
NOG
GEF
QOA
DVT
PJO
JAC
UWA
MCP
ZQX
GBI
MQI
BAE
HLF
IPT
EFG
XTH
QMC
SQT
EJT
OEJ
HAW
WEM
RNR
HTI
GON
KJB
UGU
ITB
ZZS
KMF
INZ
BSK
WQQ
JBN
RTX
PGT
JHD
FGO
SEZ
AJL
WFC
QWO
PEJ
IAF
FKD
ZFF
SOT
JHR
HSX
DAQ
OZJ
ZOG
HHS
GVX
AFU
XAK
YLG
MPO
VWC
LOC
ZDA
WFT
URG
CLN
XLZ
VUM
DDC
EGC
ERQ
AYY
QJQ
NIB
ONX
DWR
JNT
CSK
BKN
CWK
PXN
KRH
WPO
TMA
FHR
VGP
IFK
COQ
IIK
JPJ
CFC
IAI
UIT
BDZ
EKF
WBS
UFW
IWV
KXX
BZB
IOG
SMR
LBJ
JFH
UFO
VNP
PLE
MBA
FFY
UPM
MQX
JLT
MBM
GII
BAB
FED
TYL
KRX
QNY
WRP
DSO
WPN
TKL
ZSN
RAY
VGV
AIS
HBW
BKG
PNU
WDV
QGG
IMF
NRJ
VDR
SDW
OBC
XKP
JJI
WMV
NBJ
UAU
UQU
YZX
JSQ
CXW
MPS
UMM
TZL
GZT
NTG
YTP
JAN
BSA
JUP
WBM
XDW
PNN
ZQG
NFK
VVJ
LDE
TNA
EGM
SSN
GRY
GUS
BYG
UFB
LID
WEI
WVJ
DII
QZL
RUS
NUD
MVN
SYD
LOI
DJE
HUH
YFP
RHM
DKE
TCT
YBJ
JFX
XRE
RAG
NRA
KWY
GKA
MBE
RMH
WCU
ASW
LEC
EBM
DXB
QBK
KAO
OQO
CPQ
HTN
DTK
XKT
EYC
PUD
HZO
AUY
CND
JYM
AZE
BGZ
RLI
JEF
YFV
LPN
FZH
ZFS
OBG
NBS
AXX
WZZ
FNZ
WNE
RWK
ISY
WRQ
DXR
UXK
UXS
DEU
MMP
GAR
WJR
KKH
HQD
FOX
YTQ
XJF
GGM
JNZ
SPA
YLD
AMQ
HFO
VVZ
IWF
HXE
SSP
CXU
JGG
YLM
SJR
UVM
FGY
ZEH
WHF
RGZ
YHO
MHF
TWJ
CJL
MSF
YCN
PTW
JZO
EAQ
MJX
EQN
EKT
EVD
QUW
LPX
EFE
VBV
LIA
GPQ
ZLD
SHA
HKC
JAD
RKA
ICT
JAT
VMM
XXH
NKT
SQP
ZMH
KGO
ITT
JSR
NLQ
NMM
AMR
DNH
VIM
CMH
MEB
LZW
LMD
EFC
VSZ
VZT
WLG
FLG
ALD
RTU
LPU
XZA
AGK
YBD
HJR
LDJ
VDQ
DZK
FNN
LAY
XVT
RGR
MFW
FAW
LTU
ERZ
MCB
UOX
CML
FBK
BJB
GYV
MJH
CMA
HDW
ORX
BFR
UDT
HMK
IWA
JXE
MAU
LIH
TAL
REM
PWL
GOZ
KWT
LUA
RJM
JMZ
IIN
KWS
CLC
YXS
ZJY
GVJ
MYW
GAV
TQW
IKM
XSY
GDV
MEK
MJE
USG
BBW
KVZ
FOS
TOH
DEV
NLX
IMK
SCA
IHC
XFH
SOC
EQH
WLY
NER
KAP
OVQ
XIF
MGR
UNV
JGT
UVU
XUQ
HCU
NPM
OVH
BFS
CKX
IZJ
QRU
ZNX
SYS
FMZ
AOG
XJO
FSQ
AYW
VND
BSC
WXJ
PML
GBV
LQS
SOY
UJV
WIT
UEY
JXR
KSN
XUG
VWI
IGV
UFT
CWU
RUN
FPM
JXC
GLY
PLG
RVI
ONE
XQC
QXU
NYZ
AWQ
BSF
GWF
BNZ
ZKR
SAP
HEI
ZFZ
EOX
VDJ
UED
WDR
MSV
JCP
VNA
LVZ
UPX
PWO
QLZ
QGH
EWS
YKM
KUR
XDX
YFN
NQZ
TCQ
NHV
SUP
YKO
VYZ
VEA
SXB
LRQ
KVF
VWA
HKY
TTE
XCH
VPQ
TFQ
BET
ZYB
BPU
CMP
VYV
KNS
WHY
JGH
DCC
FXW
VIU
SAF
QZX
XCI
SKG
LCY
CCT
GFP
OSR
WPR
QUN
MTF
QRR
HIE
WDT
EGW
MOK
TUQ
IJS
DDY
FNP
VST
WEJ
WUN
HZC
DHA
OMZ
RKE
DPW
JIN
GKI
AIW
HOW
RNN
MNG
DKF
BKB
YRW
XBL
OIP
ZLL
OEG
OYG
DXV
NVP
YFK
BKD
CIE
MNN
JLX
IFG
DBB
RDZ
SJY
XPE
BWK
QRE
OMM
KBB
FPE
YVW
RMA
UHA
HJL
UJP
DHW
MBR
EME
TVF
BXJ
UCI
RON
HEY
SXR
XHI
FBX
PUB
VQQ
WOE
IUO
ISA
ZPS
PEU
GBB
WIN
CMN
GEV
UOY
CUV
CFE
LSQ
NDG
TOO
KNU
PSD
DWO
RAQ
QZS
WWY
GWR
BAC
CFO
VFZ
XOE
PWZ
KLH
TLN
LZQ
NDC
NJI
OQD
BHP
HSJ
SCC
LOO
NTM
SKR
MAD
UCB
LRG
YKB
AYP
RGP
FLB
KLG
QOE
ARF
XSM
VYG
OVT
PEM
DNA
OZI
VIF
YYM
OVE
JVG
WIO
NWW
JLZ
XLV
AMG
HFP
ZWL
GIR
WJQ
YUE
BVJ
WUK
GOY
NFO
GVC
LWC
NVE
EKK
PSU
SCX
HSE
JXV
EZR
WKM
YEX
YHG
IVN
HLV
SVP
SGD
HHF
WBC
GNL
NXG
PWM
IUW
WVK
GIO
SHZ
HHU
SLB
BUG
SVT
XYQ
UMI
VHR
FWW
HPA
NDI
WSI
QET
DIO
ACU
UMW
MKG
ZPD
QDD
LKJ
FMY
SPR
XFS
PZP
FLT
UCV
JGE
IOF
XWZ
AJH
ZFQ
AUH
OOC
ZOJ
MRO
EUM
DCI
TLF
SDI
VLA
RCJ
PNC
LHG
UQI
QCI
AKV
DYW
QEI
XEA
YQY
PBC
HNE
SJP
WRL
HYN
DXD
CJE
FUC
QDM
DFZ
UGZ
WLD
DPZ
ZOA
LSM
YRB
MYT
GDK
DES
LJW
DUV
UBE
WSD
LFU
XUO
GTG
QPI
SMZ
VJL
SMM
VUW
HJB
TOV
COJ
PYU
WYH
FVJ
YJZ
DDN
DXN
OWG
RQE
XZO
NNJ
GNW
RGV
DXY
WTY
URD
QFU
LZI
ZBT
WAG
PFV
WAV
ZSO
VIT
ICM
AXG
DOP
MZR
PBA
VDA
CXR
GSH
NHJ
ZXC
NGS
GAK
OQH
QHW
HIK
ULD
OQS
WRS
ZXK
WMN
FDM
YEG
NFC
NCW
JIA
NYO
BWI
PGK
OHH
ECZ
GYW
QHS
SQL
ZSF
IWB
QWP
DDE
HKF
JQK
YTC
GOK
AEO
FHU
ZSA
EEP
NDW
LIB
DCU
GEL
ZSX
IQI
GDU
BCL
ATR
XEI
WYN
OSL
KMU
HHH
BGH
KGT
XYV
WOM
JZD
LYZ
BTQ
NHM
WLK
UKQ
FRU
LKL
SHP
KOY
HYF
BSY
VZI
TYK
ULM
FWO
WFP
RPP
JAO
DPE
OMG
QSV
JNX
OZL
MOF
NYS
IUQ
TFH
UQR
HNK
DUM
NGQ
NKL
PVA
JEJ
NCD
BBV
TWK
HQA
SVB
XZY
BXN
KOE
PBB
DZS
PAT
BNK
VYY
FDJ
MGM
XVX
SBV
ERR
IAN
WSX
IYA
FXX
BZT
MSY
BLY
SBU
GSC
AIE
NTR
BPI
UCO
KBZ
KJS
YRP
QOM
ZVC
SFE
SXU
ZAL
JVN
GEQ
UGD
SRM
VDY
UOG
KSW
IOK
YCB
NBK
NAQ
JLO
QTN
ZNF
TGZ
OCU
UXL
WDX
OOY
IAS
DVH
QAM
UGQ
EPQ
OHL
QRO
DIC
ANA
QIO
FKP
UBG
TDU
VJF
IJQ
HYQ
ZND
CMZ
GSN
VVY
XLS
WHN
ASP
YKA
WJD
UGS
GBO
AWG
CLJ
AKD
QKS
XVS
BLA
DIU
LZV
BEE
SLA
VPE
SIZ
PSG
JVP
DJH
BXU
SVZ
SGL
QKG
NQI
LQT
PAY
YCQ
LWG
NMV
HMX
XDN
SNM
CCN
ULP
ZMP
OJH
PDE
ANJ
FEQ
POO
PKZ
GEC
GXP
ZWB
ELO
ELN
VBK
GEZ
RPJ
NSD
ARU
KIS
AYL
GLZ
WBW
WCE
PRX
SJU
OWP
UPO
CGX
EHT
TUZ
EPM
WZS
THK
NXH
UQJ
ILX
NRV
ATM
UFJ
TFP
CQW
PSM
BOK
QQO
HEK
VNQ
PIY
QBQ
ZGJ
TZC
PCG
MWJ
LEB
AZV
AEQ
OFN
TVE
LAC
SNE
GEW
CHD
LGA
JIH
KCY
CKB
TNQ
WAJ
KII
EGV
OJR
JVF
PCT
YIE
LCO
LNR
NNR
MJW
POJ
AJW
YFI
NWU
QWZ
HYX
QDW
GKC
EQM
PPA
YAF
UBB
BGC
UIN
PPZ
QWT
DVA
JNI
GQA
BNO
FND
TJJ
HRT
TWU
VQE
WLW
KLW
NZF
WOQ
PKV
ZQS
YGF
JSP
FPN
AYA
LAP
CMD
BOM
UUI
HRV
GFT
RDX
JVK
GMA
MBJ
HLH
MXP
ZWC
PQP
LJR
HIA
IVX
XHS
JBX
IFH
TWQ
UNB
NMS
NEF
SAR
EDV
IXB
MAH
RRW
SLW
AUS
GVD
BNT
SHN
QXF
WBJ
HDM
JUH
RIH
SYF
PHQ
SBY
XRK
VJO
JXK
HWK
UHL
WMU
SVJ
EAK
CVQ
LFT
YSI
HKX
SBI
ZGS
YLP
AVY
IBR
PUE
FQM
FTT
IOH
FZX
STD
XLH
EKD
ZQU
ORK
OWW
HCG
YGU
SGC
UFQ
RKX
SUL
HDS
HWA
EQE
XUS
ILV
ITC
OON
LRK
LPY
GXO
OUM
HNB
OIX
XAF
ZKZ
MFD
ORF
KKD
MGX
VQL
XPZ
LUO
EJV
ZIK
IMG
VIR
JEX
DSQ
OKM
ESU
SBW
IGT
OSY
RPU
RGH
XFK
BEI
FHT
ZIC
EZK
FHN
CRD
HQQ
XUJ
IVF
USZ
PAQ
DUX
ZJA
QYL
RIY
IOX
TBD
TTI
UIX
LCN
QSC
JQY
PPY
HPL
XIM
KTO
BGD
QIR
VMB
DYV
TYE
NSF
MST
HTK
RBW
FFH
CLU
PTN
RBL
PKH
ZCS
LAG
CDR
ZJK
VOA
TXD
AWW
ZZO
NNS
NQW
KDD
BWS
NLW
VMS
CTU
WKY
IRM
BTZ
AYV
HQX
TKX
QCH
YCU
RKW
IMP
OSF
LTQ
BHE
XKH
DAZ
LWD
TLJ
HNU
ZLS
WFE
PHN
UXH
DKZ
BZA
PXC
XHN
ZPJ
KPQ
QOW
QJB
IUP
XJZ
TOD
EKA
LIX
BRL
VJB
ALP
MUR
SWX
ANU
TIL
VZG
EDF
EGI
HUF
ECV
YFQ
YGO
YAQ
IHI
IMT
LXI
JHL
UZU
EFH
WYC
DMZ
VAP
ZKS
JLH
WSB
OUF
MGK
RYM
WOB
AAM
KPS
SMA
CJA
CYI
FMI
QQL
BQI
JXG
WHV
VGK
UXD
HHI
LPW
CVM
SXT
JVQ
RWJ
OVL
FOT
XQQ
WDW
NNV
PNH
GOE
ZWY
TOA
NGA
KZG
FRO
WFV
NCQ
LWM
JAP
COM
RAA
UOP
RZB
QSF
JRM
JHF
IIZ
SGN
XXM
CUK
MBZ
WSH
CGZ
VEY
AIG
HIN
MZO
IFI
OVX
FTH
WIP
TIX
WET
UIU
QWV
DKU
WYK
KVV
ZDN
IVA
GCW
GOL
DGH
PKA
KJY
WSC
EQC
JQZ
IME
IIQ
AZZ
OQL
ZLG
DLI
NEY
QGB
EPV
JTP
LNF
DXI
LOU
DFU
CGS
IBS
BHG
EGJ
MBL
TBE
GMH
VFW
HDX
TCR
AOD
PVS
GCM
JJL
AWB
ESM
VKM
KVN
KRM
RXT
KYH
BPK
UZS
PGR
VUN
YJX
HZR
MRD
VKR
JUY
PFZ
ROY
IIP
APF
HYO
SWO
JHS
HZX
UNY
VUI
PQF
IOP
AOB
JWM
POM
GER
JSE
OUI
QGY
LLV
OZM
QTS
CEA
LOQ
GVS
CGP
HOS
RRF
RVA
HRJ
KXG
DVW
GWS
ZXW
OSK
RHC
DNX
GWP
CYC
EYZ
FPZ
DKK
GTV
OQB
FEE
AYQ
QZN
ZSS
VQF
ERT
JZM
NXU
HQB
LMA
VBW
MNY
RNJ
TOE
ZGL
TMP
DZC
ZBF
WHG
UCC
OQJ
SUH
VYF
YEE
WHL
SHQ
EON
SES
DHT
RHV
YGZ
MWX
JEQ
GIU
DIF
YUF
EWX
NBL
LON
KOA
KWU
RSZ
LRL
OLN
FZN
FVQ
IBQ
WEO
HOO
DOC
NXJ
ESY
POT
KEE
VDW
RHS
VXD
BMW
KFX
ZBR
LNM
EZY
SQF
ZEY
UJM
LVO
BZG
QYQ
CDG
XVN
FVB
LGP
UUM
KGM
XUC
SCM
VHJ
WXQ
ADM
VIJ
FJD
NFW
DQE
JXM
OFP
ZJN
GQK
PGH
OFR
LFF
HUE
EHJ
VNE
CGJ
MUF
GWM
WIH
BQR
GEU
YPM
KEC
WWT
HZB
MMQ
BAX
WIS
FRJ
LIP
MIG
KFN
GRN
JRJ
VVX
YOW
QSK
GYL
TRM
VOS
YYX
AMJ
PGZ
IEO
QVO
ZYI
JWJ
THT
WCL
TOQ
TNM
GUA
NDB
JUO
SZT
ZEO
CLF
MAK
YFE
YOE
UXT
TUD
DLS
BST
JKE
JAW
LEL
BEB
UDL
LJO
FVF
EWA
DGT
MRT
URS
JOM
OJC
OEA
XEU
WQO
ASM
OEZ
CQS
DPP
XPT
VJC
RDO
XND
WVH
TXF
QHZ
PAP
DIK
CLQ
XLL
QFJ
DHX
FON
FLR
BYY
EUS
XCL
SGO
PJT
VLG
PUQ
TER
QKQ
HLT
LNK
HVA
FNE
LNC
GSR
AKX
PZE
LQU
CIO
MVL
LEX
ONV
UPU
CAW
LLK
ZGO
CZW
CNX
RPW
BZJ
SXX
QWU
YWM
CGG
PFK
WIC
UZX
ILI
UPZ
VUQ
ECA
PXR
GQE
SKJ
BUU
WWC
ZQT
QDV
LIJ
NTD
SPW
DWX
QKN
KCM
WED
SGW
JNM
OBJ
NPI
XCC
DEJ
XVV
UYK
KKP
XIG
YLR
BES
GUI
FPO
HBR
SHW
TTL
BOD
CMT
RYK
VNL
NME
SOR
LSE
AFA
RMR
TRG
QVU
BXT
QRZ
DOJ
UBA
NVZ
NXM
YNE
OSU
TVG
DCF
SAE
YER
IUV
SML
GTN
GLQ
PQE
NDS
XLI
GKE
XYZ
JUG
BIW
GGH
MNJ
MID
VXW
RAL
UWN
CIQ
TFG
QKF
KQL
SUU
GND
OXL
SGV
GNS
CPS
ZSG
RXN
AUF
HDE
PBU
ORB
FAR
YQA
BMT
DGE
BUN
XJP
LKE
HXN
VCU
VBQ
OFZ
UKC
ZTW
HDB
FNC
NKM
OUK
DDH
OVS
QLQ
DTW
ADN
LVW
MZT
JEI
NIM
LHR
WLV
KYL
WLX
CDW
ZNG
KPE
XOX
SFR
KQQ
VCR
QXE
OGY
ACP
DLV
ANY
TVP
OVI
IDN
YZV
WAZ
GRU
GPT
DMV
VZE
CCG
QOF
CMJ
QOD
BEU
ZSQ
KJF
VGQ
FVV
BLX
JKC
WOZ
NWQ
FIC
EBJ
MVR
ASO
EQT
EYU
GIE
BLI
CVF
SFQ
IEE
IAV
NQR
LRH
UTZ
QGV
XSN
AWR
RVW
YNT
TEE
TSH
SUI
LRZ
LGR
PPQ
EVE
VYE
KBC
LYC
IMI
OOD
CFH
WOC
OBE
ZWU
DLH
FBP
WVV
OTA
MTN
XEL
OBN
IYM
ZQI
AIF
EXN
EXC
RCG
GDL
CZM
IMM
IGN
RDF
NWD
LPI
IKL
OBI
VVM
ARK
OJU
VWK
XRU
PSV
TZA
HKQ
QQW
QRT
DLD
TBI
OFY
CGB
IZK
YEU
NMT
MWI
HAN
DEO
STV
OEW
NOU
WNY
LZL
HKL
QOT
NTP
CRS
EDO
YTV
ZMU
SEA
PGC
OIH
AKI
XGL
JMW
YQI
KQE
YPQ
LHZ
GRJ
NJU
JPG
YYK
FXU
NTT
QXK
KDQ
SIS
OJF
VLK
GFK
DIS
DGJ
KIU
MXH
DLZ
FBG
FTV
EBI
KJN
YJW
QSD
VXS
QVM
ACH
XUN
BDW
XEZ
TXL
EPO
JJM
YZD
PKT
ATP
QYS
TTQ
MIM
APE
FNX
YKV
YDK
FJJ
DEW
AJM
VGI
RKI
KUH
NQC
TBN
OMO
PZM
PBO
LGH
SJW
DMS
BVS
ZIN
UON
EOW
QXS
HLL
VCI
ALH
JRZ
EDI
FDK
AGB
ETU
XMJ
GEH
BAT
JGR
KTI
RUT
XGB
EVR
IXN
KRN
HWE
MSR
TSW
VEU
IZD
XAR
THH
MXR
JEE
WSE
CEZ
AJB
OLC
ZCZ
KWW
FUI
ZDO
NNN
COR
YKN
IPN
XBX
AOP
HCV
QTO
MEQ
MIZ
LHI
RWS
KCC
YID
PHL
NSY
YAC
ATF
REY
KBM
XAX
AUL
GZO
IIV
NJS
XNA
CBO
TJS
CKJ
VKG
NUT
HJZ
KXB
JGU
LPO
HKP
LBH
BPR
CWW
JUD
FNV
JCH
DGZ
XXR
BPA
YOI
HPD
WIM
EVP
IRH
TZK
AWN
YPS
IWW
WJT
JSO
FEG
KWL
LBW
GDD
ZLV
WIU
LEF
MEN
JNU
LAN
WQS
ESP
MIN
BFF
GUB
DRN
PZX
XJK
DLC
WBB
STS
UWE
EAJ
FPD
UAF
QIH
JZV
PXA
AGM
NKY
GJK
YEY
NUK
AMP
QAN
BIR
UQN
YPO
KDN
BHD
ZMK
PRT
IFX
ILE
BJM
EEC
IXD
DWV
NFT
ZBA
QJP
DQA
RCA
HXV
MXN
HFH
KTU
FIJ
RIF
VRM
JWQ
BVE
OTK
DQN
OFQ
BTJ
LWP
XLX
RJQ
FRH
PHT
RUP
REU
XCV
HAP
IQW
AMY
EXG
QLR
PHB
WJA
XIZ
POV
QUD
VSM
TYB
CMI
JPM
ZMM
CFY
ZZR
XQK
BDI
BIA
BLM
QTR
JSZ
VBX
OHI
JSH
KAS
AEG
MVH
ZMY
THN
BRN
DSI
DFL
SMT
PLH
HWX
LUW
YAU
RVV
HVO
GWG
QCJ
XJU
EBT
WWM
AUZ
WMH
UMU
GUC
YTI
YMA
QER
LJV
RUX
VGX
XDO
UAD
LPV
LRF
IUA
IAM
JUI
ZVJ
DDM
OHX
XSP
OGB
OOU
IAB
CRV
VTX
DWE
QDY
TXV
TMB
JSY
XXB
HSI
YBA
DTV
JZH
OCS
NLM
LSX
DXH
OPL
OGR
YQK
IYJ
TRT
FKR
QYG
PWH
YCM
LZY
UKZ
YVX
AAL
EKN
SNH
JMX
NNG
HPF
JEN
UIS
DRQ
APK
GCX
LJI
AQD
LGS
QKD
ZPM
MSL
OII
CZT
YGL
FOQ
GUG
HQF
UYZ
EJW
OAO
ZCM
PRQ
ANF
VWZ
RZS
SPB
BXP
FPY
RTH
FAB
PAJ
OAK
ZTS
ZNP
TKO
NOD
NPV
KJX
HUG
RSN
DSA
MVK
NCN
RFW
FQP
DXF
LBT
TRQ
TIF
ZKT
URX
ZLM
BGI
HZL
PUZ
HSQ
JGA
CCS
ZXT
MLZ
FLM
TQZ
LDZ
CJH
VKH
MMI
PNK
WFS
BZE
BYU
WUR
LYP
UWI
VSN
WHD
DER
UOS
NZB
SSM
VMW
XGK
CIH
FYC
XQW
XBV
ISS
LSY
BLQ
ASI
EAE
ODN
FCW
HZN
PGO
BRG
DFF
HFU
ORE
AAO
UAH
LYK
WHZ
NXA
HVC
NOO
NKB
WZF
KKJ
JII
MKU
ORM
LML
MJR
AIX
DDK
TZT
TCH
UUK
ZXB
ZTR
QJE
RJT
HKU
BQB
CAH
GQN
ZLZ
QXL
RLR
KDT
NWH
LLB
NJP
HIB
KQH
JMP
VJJ
SNL
SZN
CCJ
BKM
TSP
QFS
SZK
PYA
EKO
YJD
RAF
OGO
FMC
JPZ
SXK
HSS
XQA
DGL
VWV
IRO
SFZ
KSC
JHN
ABP
DIE
ZSW
CFT
XBO
PFE
PYF
YFO
WLF
XPU
EMZ
FTO
OAE
IQY
RME
HDD
AWV
PEV
MVU
NIL
JLY
YDN
BXX
SDX
LUT
CHQ
VBJ
CUZ
VAG
URK
AHL
ATK
COG
KSQ
SBM
ABB
YUX
UCQ
ASZ
KXT
HMZ
BWA
XAY
ZXO
TUI
OPQ
SBE
ULG
GCH
WNT
NJX
VXT
GRH
GTS
RAP
SQY
MMC
BKA
RXD
LGM
VTF
BZU
ZEP
SVF
ZQR
ZNH
IGL
UPH
BZI
RVD
QEO
QZZ
MFZ
CSE
JRA
IQA
EVV
QUC
HRB
MOE
ZED
DKH
UHM
LKP
EQV
AZY
GZI
AGD
KHQ
MAV
CPW
NNL
CTM
WKI
MEL
PUL
HNN
DUL
QAA
FZG
DBU
JZG
AYM
THA
VEO
CAF
RMJ
QXO
MCR
RKT
HNS
AYX
YDT
FXL
RSR
GCA
EIJ
QBJ
WFJ
BDN
HVG
KKT
TFD
BFB
FAI
TBU
BPQ
LYE
IEM
HWJ
CSA
HWY
ERB
RHA
OEF
RSE
TAO
GRR
BUW
VNV
HJM
IMD
DEE
PKX
HJV
SQM
OFD
DZP
LEH
KXJ
CZB
AFM
VHA
OAW
LVE
YSQ
KBO
XWH
SIL
VPG
AQC
YIP
KWB
PGB
CRK
BGO
XBZ
OUN
DZA
JHB
MFL
WHH
KCN
CBF
VXK
CQF
OJV
EEE
DNU
VUY
FFS
VBO
MYU
BAV
TMY
IZO
PMT
RZO
ZGH
EGL
BTX
DJF
CMK
MWE
LMJ
FSO
WUB
HAD
TOU
BYO
MDU
UUY
QEZ
WBT
HYB
QHB
YJU
CHW
KSA
YWF
AKT
IGI
YUT
LYQ
BEC
WYY
SMG
SGM
LFO
KRV
YZR
YXR
VFG
BKR
HXF
XFF
ZMT
NTF
HCC
IZT
NZJ
BND
JSD
UDE
GET
WXX
YQU
HCN
NPU
ROC
XYP
YOZ
EWN
XYK
GGI
PYS
SFC
BAM
RXY
XVG
WAB
POU
OAH
SSR
PSW
FPP
HFF
TJD
HOA
NYY
WOO
QHI
FJZ
QEF
IKC
ZDE
TFC
LNY
WXO
IBB
LEJ
DLM
TDL
NPE
OXQ
SXG
CLE
UQP
RMF
HNI
VHE
TCE
HPT
IQT
UWV
UAJ
ZBV
XSH
CBK
OAY
QRS
BHO
FMR
HBS
UBC
PWI
KQJ
ROM
VAM
KCV
ILA
RPK
RRK
ITU
ETW
RIS
EUV
YFD
JXA
CYD
XAW
NIG
OYH
BBT
EJQ
KLO
TQJ
UJX
ELD
SFX
ZHD
YGP
IHH
AEF
BBB
PCX
EGY
KAQ
SQQ
IDD
PKO
AAX
RUJ
CRG
LDC
ZWS
JHP
KOH
XEK
PMZ
JAI
UTS
MXA
PDH
ONB
ILR
DFG
JIY
BXM
UFC
AVG
CJN
LLY
TYW
PLQ
SGR
PHX
MCN
NRX
TDN
AXQ
HGL
QNL
ZIZ
ODV
YYB
TDX
ZNN
GLC
JIC
PZD
SJF
JIV
AOV
QOX
GEE
GPP
RLF
YBS
YWO
OGS
HMN
CLA
CIA
JGS
JUQ
IXM
DSB
OKQ
ETX
KYG
OOO
KSH
MDL
KBG
LRI
FQC
MKK
OPI
NJZ
SQU
NAX
NUO
FKZ
YVK
HAH
ATL
KEX
YMK
TNH
LAM
XBR
HHC
STN
IUG
TFA
OGZ
URR
CSS
EHO
CSF
VDH
FPA
XMI
RQM
AFX
ADR
XWA
WNJ
ELW
FHL
BCX
LEZ
HKD
VTS
CTJ
ZKU
MHJ
KAV
UOI
HOB
KWQ
QVE
MZC
LYH
MER
MIW
WBO
AIY
CGN
PQM
TUG
GOD
QJJ
EGZ
IPR
SYU
ZUA
FRS
PVV
UYV
SPM
LFK
LTS
IBM
DET
EOE
DTE
ZDU
XUX
LAW
EVW
IKW
SHK
CDL
FSM
BKX
PPU
ZEK
WUF
DGK
CNP
YXQ
GNJ
OPM
WWR
ARS
IJV
BAR
ULV
UCD
BPP
RGK
BBJ
RFX
YGN
XKC
PZA
EHW
GHN
HQP
RDC
PQU
BDE
TUH
HGJ
XEM
OVU
WAT
TMQ
QHO
JFO
BCD
IPK
WKA
VFL
EEV
CWL
UVV
HXW
BAW
LLJ
DFK
NKA
DGP
LDN
ICW
CUQ
PHU
AVQ
ATW
ATA
TCU
CMF
AKL
ZRY
STZ
YRG
GUL
JAJ
AGL
UIK
AYI
UOR
YCH
JCU
YXZ
RCS
DGD
FYF
NTI
FGD
OLS
NEL
OTH
VKJ
QMQ
DOL
MFF
ERU
YYL
DRY
VII
JCL
VNO
WNZ
YBU
XMQ
SOA
BMU
PVC
DXZ
TZY
KEN
YDA
KYA
PYM
EHM
PJY
DPX
VKA
IHM
VDI
UKV
YZO
GFC
DRM
XHG
GYI
LRS
QAW
BBA
OKY
ADI
QMD
RFK
ZQK
COF
ENF
FCI
NOA
IPH
NTW
TXR
IZP
UJI
MBP
FYD
YYE
TDR
RVE
UJZ
UQF
TFS
GUX
YYZ
IIW
OYN
RIA
VRV
KTE
ZZE
BOW
AUI
BGW
KKM
KUP
OEL
KJP
UVW
PJF
UND
XOJ
TWH
KQX
ELG
HBB
JUX
SRV
OSA
SJE
CDN
XJX
VZX
XNV
JVZ
PGP
PTF
IEK
UDG
CPD
JRD
OFI
QAP
HTG
DLO
LZU
MWU
BNW
KAZ
THS
QIA
KEP
JKF
SZZ
EHP
SUO
RCM
VPX
YEF
JZJ
ENB
NHP
MMN
DFA
DTF
UUH
JAE
DSM
DHF
OFK
GTI
NCY
GVB
VJH
YBP
JUN
PMX
AZU
SDU
WTL
VXM
DJT
XHR
JJS
GDC
EDA
EMV
YBH
QKL
FKL
ZNO
NTY
MPH
MDO
TAZ
TMI
DBW
FNO
NXC
SCY
MPX
LOX
RWC
OYJ
EVF
FOA
KBP
UUT
UUQ
YVB
QTH
OHZ
EAM
HRI
TSB
ODL
BVT
EPL
GGQ
GGW
TVQ
JPL
EHY
ZNL
SWZ
PIZ
KJK
UEB
DQS
LQO
ORC
LCC
HSN
NOL
KJZ
DWP
PQY
FBN
OCQ
RLH
ECH
DQK
KBN
NIF
RCD
SZQ
UAA
GZY
GCQ
YVY
ADG
GMJ
CKU
PQS
QIP
EIB
NCF
MAL
FJU
FAH
XHD
MBY
FAZ
KUX
ZRS
KYT
ITN
ZOP
GFO
FSW
BIC
BLG
HTD
NLC
JCZ
HUP
XYI
WEY
HVW
YSL
SMN
SPJ
DSW
HPM
FYB
IBP
ABL
RLO
IAD
ICN
RAR
WTG
KHW
ULQ
YFB
NHK
BYA
GYS
ECS
MTA
HIL
JFJ
ROR
KAH
DMC
CHA
KUZ
SZI
RNG
NBV
ENX
LFM
SJD
UKK
TLE
FHY
BSS
MGE
JPN
GZD
YBV
DRU
CBW
YRX
BAK
LER
SWC
JHV
LLW
DRO
LAQ
ARP
TPK
JYY
QOP
TYI
PWK
UCT
NYH
WYM
TUS
ORW
WGC
QMR
UID
AUA
FEH
UTO
JYT
OMT
HYZ
IWD
DHO
WQM
WBN
CFV
RTL
IHL
AEP
XTQ
JQT
IJA
QTF
QRX
RVL
ZAS
OXA
AKS
KHV
VPN
RFG
VFK
PSF
EYK
RMO
RWE
UVO
OYR
XZL
YQO
ZUM
HOY
PTG
RYP
QHD
TMS
FZM
AYJ
OTZ
JUE
QSM
HXC
ZLH
KGB
RQU
TXN
NCG
JLB
HUR
CID
TLY
FGT
LMR
VSL
RIZ
LAF
EUY
JXJ
GAB
XHA
YJI
XFM
OUU
NEB
FYN
EPE
NHD
IKH
JFM
CMW
IWM
TFE
VVI
QTG
QIK
SHU
MYR
VIP
XMM
HME
LUV
UXB
RYA
ETE
BCP
FVN
GJR
VJG
KID
ZHW
JDQ
RDY
WNQ
GIM
WRW
NQO
DMM
MHC
LMN
ZSV
NYG
IDY
EOB
XMK
LSW
AIQ
JMV
LCK
HKA
ZEZ
DPN
JES
MLX
OPC
BFZ
LTV
PSP
UZK
UML
KSD
MAJ
CVT
UIA
HVH
GSY
PIQ
QYF
PMW
OBZ
VNR
MWS
RKF
OVV
AXP
UTU
JRN
ADJ
ICY
LZP
XTI
HWD
RGG
JBQ
JSA
SSG
ZME
CBB
XMG
RYO
FWI
DNR
EWZ
UBD
XTB
REK
RMZ
FMD
DIY
SQN
PRL
VSD
YVP
AJR
MZF
LPH
QLO
IPS
KBF
SYT
VBD
LRC
HLC
PUG
VPW
JCD
TPZ
IOC
HHK
SIQ
AEI
OTF
GUT
RPA
QQH
UVY
AEJ
RIC
ELT
WEU
HFR
MUI
LHJ
UFS
LQP
TEX
ZOO
BGP
BYV
XMF
EIK
EBG
VAV
RFT
BMF
YIC
GSE
UKY
NXR
XRC
ELC
ZKQ
ALO
VQT
DQB
YTH
KNE
KDM
ONR
YJY
TVY
VGD
VHO
NGM
NQH
UGT
UNG
QBO
GJB
BYM
MCF
YYI
DNC
KLB
DZL
RQL
UUJ
FTJ
PVP
ZGB
ODT
RIN
NFR
THI
MMM
CJR
GOV
WYD
JDY
PFT
HHE
HPU
TGE
OYF
SQV
UPD
UPY
SDN
TPR
ZAE
QEU
MNS
LQB
LWE
PFQ
BSJ
GOW
UOW
UEZ
FKO
KJL
XNB
TAM
HFQ
YXF
CVC
BEH
DJO
HSZ
ZMN
RRN
VYJ
FOV
ZIB
NLR
HSB
NBZ
YIV
UOU
GGL
FIF
HOP
EGN
LOH
IOM
BHL
NJD
FNB
KJJ
VKZ
LIO
EOL
EFN
WQV
AFS
NNX
IHY
WLA
QKZ
HII
YOK
CCB
OEK
GHC
JQV
FMT
CCL
DNS
ICI
QOQ
YZH
TND
SYY
HTR
GBU
UUO
PVE
RHR
BFK
SYR
PSQ
YCZ
JLG
OZU
GVG
NZN
SHX
OZZ
YJL
LCS
YRR
CJT
XSA
AZT
HVQ
YEH
FIV
IYH
XLF
YMS
IQO
EXM
MJQ
PSR
CTL
FYE
BSM
BVP
FMO
ORJ
MQQ
PDM
ELY
VVU
ETP
ACN
SOO
DZI
EWH
UHD
LXL
ZOY
JIT
TOJ
HJK
LVN
JDS
LEV
SIB
LOE
TSI
WOW
XAD
ZXZ
YWK
CCP
BJG
DOQ
ZYT
BOI
XVY
SBX
QWD
LTJ
SCN
DVX
LHN
BRB
EJF
NGO
QZK
CXG
EKU
SSK
ABM
FVE
HXL
WBD
NPL
BMX
ITR
TLB
VUG
TEO
CZV
OCJ
UNX
AMI
SCR
OOX
ZQA
SQZ
HUQ
KES
ZHU
ZAR
MJY
GRW
EMY
EPH
WWW
HGE
UNC
MAT
GPJ
KAE
NGB
AIT
VYW
VDV
CEL
ZZX
INA
VMZ
VFB
XOU
NFU
MRA
GDE
YJG
ALF
PNZ
HJY
QWC
WKC
JIG
AAF
IIX
YQL
CTH
YTX
VAQ
QGR
KCA
FKQ
JMB
BWD
EQS
BHS
ITE
UIP
IVL
RAE
VDO
PTU
ALU
NKS
TIR
WVS
BVV
ZBJ
NYD
GEA
XDE
DMD
FIT
IEU
GPK
SRO
ASB
GLB
CKW
VRX
UEP
JUW
GKP
NSQ
QIE
IRJ
UWW
MJI
FRP
OEQ
THR
ENW
WEW
YUN
SFD
QVN
JNS
REW
YHM
LOL
RYT
BQT
SSD
OYC
KVA
DAA
YBK
RYF
NIV
GKL
ZHM
DBF
CJS
JXX
USC
IUX
GSJ
KZJ
KDS
NDH
PIW
ZEA
JYC
ZUO
OET
FVZ
GZV
VWR
IDV
AYH
HUD
UXM
SLF
ECG
UMT
JZW
IUJ
PDQ
ESN
KTV
TVZ
EVB
QLC
JCX
IQC
BOO
WSL
KKK
CJU
IJT
YVR
NFH
KTN
GCG
VCK
OEH
DLJ
BNS
SVE
NEW
CJB
XCO
JYG
JNY
QHF
OYW
CYZ
EMP
XLW
KJT
OFF
DRJ
YFX
JFF
MHM
YNF
BYK
DAL
WGP
PCH
QJM
LKN
KLY
NWS
IOV
NJQ
JCO
FGK
QCT
ZQC
KFC
KVE
ZFC
HHD
UBT
KED
UEU
SOW
QWR
EZA
BZH
XIJ
QKI
HXH
XBY
FBR
EJB
SGF
JHK
FRR
ZOZ
MAI
BGL
VGW
NCU
AOH
HNX
DCG
REF
ERF
JYS
ZXI
HPK
AEM
IXJ
OUJ
KNI
KKL
AHH
YCD
DRF
JLW
FST
HDF
FXO
TGJ
TPN
MPG
JCK
TFZ
RVT
TYD
EHZ
FRF
CVO
GTW
SOE
HCM
AWF
KHN
RRR
KXN
IGD
IHU
LFV
UGR
KBE
WDA
MNV
WUL
GSK
GXY
AWP
AXR
DPQ
GXH
PJK
HAM
CBL
PUT
VUU
FKJ
GYE
TMK
GVA
CMM
HSK
JYA
OSZ
JAR
NRT
GKN
XQG
YMV
JBA
PIX
AJX
WDG
DJG
VAB
IQB
FRL
WVG
WVQ
XKX
MFX
ABF
QXN
ZPG
ILL
PIJ
PCB
TWY
RNO
TNU
KUU
OEC
YWR
VBM
BDD
RRV
YJH
ILZ
MKA
UVF
QDB
SSV
DEP
XOS
TSR
BIP
GJU
IMR
HMA
OBU
UJC
EMM
YOJ
DFO
FLH
VOW
AOE
IRA
YCT
TOC
BCA
HRK
DAN
GVF
WEH
ILD
OTT
XEQ
YIR
KEQ
IVM
QKB
KGE
ZIR
RFP
OML
BOV
LSD
NUF
ZTI
QSW
AJT
MOI
VCJ
IVG
ASG
XCT
TCI
EOR
ZZG
YHW
HQL
MSC
DYS
PRG
HAC
IGP
DUJ
PII
ANV
FLU
OZG
IZQ
MMG
MOH
ADU
MPJ
CZA
DQF
GCU
YZQ
OFM
PBE
GAH
TVH
YHL
VUJ
HSG
EEB
ALM
TMU
RCF
EEM
BHH
YIJ
MVV
VKB
UMK
QFT
VZK
SYQ
YEB
IZV
MEW
GGT
NOF
PPK
NRU
HBD
XEF
VCF
IZX
FYS
KVQ
TMN
IFU
OPP
YYR
SIJ
YBO
NAJ
BRA
TSV
LSA
PDB
VFP
OWX
OQF
PRR
FCF
LFB
MCG
FZA
KRU
DRE
VGC
LFA
DAH
LHO
MUZ
XTS
NXP
YZZ
SZM
JFK
BKH
DWZ
PWW
YHS
TJY
GFU
UEK
QGM
VQC
SFW
ZRM
HVY
ZWF
TCK
QZC
UOF
IZC
MDQ
DSK
HQI
HDI
OCF
NRE
ITK
RBA
LFH
HIG
AGV
IRS
ZCY
IDC
EMB
EYI
KCR
DDL
ZBE
IXQ
RNQ
QHC
QQK
WHO
YCE
GPS
SMH
HVE
WGS
KQD
NRI
OGG
QVZ
NKR
PSC
QJN
YHZ
KPR
ETN
ZLW
MMH
XLM
FMG
NLI
WNF
TPT
LUE
KZT
DHI
CLR
YXB
PGG
IMU
TWX
MBT
PNE
GQO
HCY
GIV
ROU
COD
TYH
MWT
IEF
YSD
ONW
MDW
BXQ
ECP
PQC
JKW
UTR
NMP
OJZ
KWK
ZMG
ZON
RMT
TBQ
XLU
GLR
OQZ
KIQ
APM
OIS
RCX
MXX
LHD
BJY
UTP
EET
MIS
XXV
MUS
KOT
ZBK
DKR
MRR
MXD
DMQ
MHL
THV
MHW
DVK
JNG
LRU
EEW
WFW
FYO
WTK
ODR
CHJ
ZWG
BPV
MGL
OFA
DBJ
NTC
BID
YXX
PLA
FWB
SQJ
AWH
TUO
VTK
AID
GMZ
CVW
DTX
RXW
SHB
EFJ
LZJ
SWF
EAB
RWM
LJU
NLP
WKR
BEA
CRY
DHU
QAB
ZCI
SMP
XSR
MKP
ESZ
BTF
MJN
WTT
TCB
CBP
QKK
ZTX
JNR
MXM
OKP
QLI
MPD
QUB
QDK
NLY
HKE
YHH
QUU
IKJ
IPY
CAL
PTX
SPD
BRF
DZO
HIH
RTE
UNE
BHT
JZZ
JAH
NYA
LQY
WUU
LPB
TKU
KWV
LKV
RQX
YGT
AHM
OLL
MII
TPP
VVA
EAO
TPW
VSE
GHZ
YVF
XDY
MLO
RWL
ARH
FUJ
IHF
TQA
RJV
MQB
ETD
TBP
YMG
ZBD
VKS
AUT
RQW
QWL
MCW
KMK
RZD
LVU
FSY
QXT
UEI
JAV
ZZK
MXZ
BFO
WJJ
NSN
FVU
AAE
KHL
DGO
ATG
OQN
OPR
ETS
YAA
FFW
NFX
BOC
GBG
MLT
MGH
YWZ
PKU
HGF
WWL
GAN
KMI
NXO
BTT
NBG
HKI
JTR
VHU
GDP
XSU
HFV
SED
MJJ
SLH
XVM
BXL
NCC
IIG
CPZ
ZRW
TTT
QBX
SMX
LCH
FCC
LMS
HHG
CJM
YGB
CTZ
ACM
KDL
GUY
XPF
BVF
AQE
KFU
XBT
NFB
OWJ
VHW
ZGR
QMV
BCG
KGS
PQG
JUF
NRD
UAE
FTU
DGV
ROA
DOV
QHA
QFE
KXC
WJL
XZX
EDJ
YDB
MUT
XUY
TSF
CYE
OSJ
TOX
EPF
JYN
AZX
JIR
QRK
YFL
DJY
VPH
CAC
VMC
EVQ
HAK
ERY
FOG
DUD
GMV
GXK
NTX
DUU
UMS
OER
MCJ
OUO
QGW
CVP
ZPB
EYG
XLD
EZE
FCX
LDA
AJA
UXA
JRX
MFJ
MZS
UEV
IGX
GMX
SWJ
IPE
JMU
OIN
LFR
ZPU
JXS
PRI
BHJ
QHL
ZSJ
TMO
TAK
CIZ
VKI
MGJ
WPZ
NHW
LUG
EFB
GWB
MOB
BII
MHH
CAB
NHG
NYF
OJQ
KUS
LJD
SHJ
TEN
TSN
BMK
KPI
XTJ
CBD
GOR
SDE
NGC
KNB
GGG
HBG
WGA
DRK
ZKG
HGP
IUI
JOQ
DOM
QLS
CPY
SAN
LFD
QNQ
REZ
BMQ
BIY
XFT
UNH
TDH
HGR
MMD
HEZ
UPI
DYO
QJY
CDZ
TID
DTQ
YTN
CXT
BMI
KZI
BMD
SNS
RIJ
JJY
IDK
NKF
BKF
QKC
PLK
RWQ
GMY
YFF
NJG
QZT
IPD
TPU
LLT
GBQ
YXG
PSK
COP
SIM
ULL
TWC
QUL
LFQ
AXF
FJC
AQV
BNB
VSH
FSU
KZH
TSE
YNN
OPD
IVE
OIT
CCU
RDE
NBI
QLT
LCX
PTY
OMY
WHR
OSW
SWR
LUF
MNE
BLP
OQU
MTE
VRG
JGK
VKC
NSC
CVY
AOJ
IYR
MXU
GZK
MSD
ZLY
NOB
ZRC
MZN
MQE
FPX
OWV
NRL
OCL
KQG
YUB
UZL
SWB
DMN
NUZ
RTO
FEO
HVI
NMW
XDB
HMY
DPM
MHU
GDZ
AYG
CYO
BPM
AUP
URZ
KQT
DWI
AHC
PKF
WFR
YVM
HMM
LRW
KQB
OIU
IIA
LAI
MDX
KGZ
YCF
USU
ZBX
LXY
VDE
ACV
OTL
PQW
ROQ
DHP
NIA
ULH
PTD
LJH
VOC
OFH
BCM
RPN
VMT
RQZ
DNL
GXD
AKZ
MHE
MYK
BSD
LLQ
WRX
HJC
VXE
EKP
QUK
RPF
UOT
YRC
ZAP
QNC
TYX
ULB
QTW
JFI
OMF
AXB
FOE
AIV
LZT
KSZ
VHD
JSU
MPA
EQK
BTK
NGV
VIV
GQR
FLX
XKD
NVC
ISX
EXX
SAK
MGD
EOY
XYF
JTV
JAM
NDK
NPC
BPT
ICQ
BHQ
DVJ
ULX
EED
OOI
YAY
ONI
LXE
WRT
AMO
KJA
UDR
TMH
YAO
CUP
EUH
SVK
EOV
XPB
NNK
OCE
IIF
MNC
XJJ
UAW
GIQ
FYT
ZMQ
XQY
RZX
ZMF
NWI
TPQ
SOF
UQV
IIR
HGB
GDX
CFB
UUX
FVY
RDN
LNL
FYR
MMY
EBC
JFY
KVW
ITF
CUG
RLS
DUO
ZWP
EJG
EQI
CSD
WVA
RRM
XZG
DNG
XWC
OCH
MLW
GOS
IYN
LTG
SRS
CFD
ZUG
ZVM
RNT
RKP
WPJ
ZFV
CPI
BAU
WMR
RLU
GZN
VLJ
WXN
NSL
UHI
FPT
PYB
QEK
DLK
UDM
DPV
MVP
ARO
JMO
EOJ
PNA
BMA
PMF
CRJ
IQR
GDB
ZRD
TTK
TFO
MPB
ZET
BSZ
LBQ
KWM
TMD
DHN
PHV
YTY
TZF
OCO
ERS
OKJ
LDO
USX
HCJ
UWY
WUM
AAV
ZFM
JYH
WHB
YAW
QVG
WEF
KAN
KMX
JKG
MWQ
FBC
FZI
FLY
UYA
OEM
NUR
YMB
JGX
BWG
WDC
MWO
FGM
FWA
LPA
GOX
KRD
WDO
JTM
ACI
DYT
XGE
YIA
YWA
IUS
YTZ
RAD
GTZ
LKF
IRU
UKS
TYT
SVW
GTA
SPZ
LVY
JNB
ASK
IKT
WBL
AVP
YOP
HWH
PVB
BFD
TMV
MFC
YCX
GUR
KTF
ZYA
RZZ
SZJ
ZWR
WBX
IQJ
FAV
FDS
XUR
YKF
VUA
JDH
GSU
VWP
ZIE
API
JSJ
PCD
LYF
YKG
VNU
GSP
HVX
BPN
WXF
XVU
JYE
CVH
HSU
BBH
WJU
AQK
YBI
DBO
UUS
VRS
ZTV
WFX
UDQ
TJO
OKV
GOP
SNX
MSN
XNM
WVU
OFE
JTB
BUE
VHN
SFS
FJH
CEK
CSJ
JCM
UMB
XDK
FWN
BVG
RKD
VTN
INS
LJK
BRQ
CFQ
XXK
KKC
UJH
JVI
XTT
PSE
LXM
KGF
PWJ
GLK
EUQ
HQH
ECX
ZMO
OXJ
HWR
JQX
RSD
LTI
DPA
ISR
RKL
ECF
TAC
RRU
YJF
QNU
NAD
NJM
OGU
BTM
WMD
HBO
GTK
TNW
ESC
MRK
TSZ
BLF
ZCO
ZCU
HBP
WMW
OZF
HQY
FFJ
NUQ
CAE
KUY
BPL
ONH
BEY
ZLP
WTQ
AVT
XWY
XZN
GUF
VOO
YSK
DYA
VOZ
KEI
EIZ
CNB
KWX
UYJ
DQZ
XOL
PXW
ANH
XXP
JFB
HFX
GTO
MFV
JGP
OJE
KQC
ZRF
KRW
QCN
WXV
QND
NXB
PPH
QTB
UCN
PXM
FJR
UDD
UPN
MEV
ASJ
ZSU
WFA
WZT
ZMR
TKB
WHT
JSK
IOQ
SKC
QBS
PJW
TJT
LJB
EVA
YTO
SAX
WOS
SEE
RUO
XWB
QDX
PEQ
BVC
RPI
GME
QPK
OZV
LDM
DIM
GJT
CVG
JQP
ZXV
KHI
SPG
VXR
TWG
PMK
QKJ
AMX
YHE
LPS
TWD
PVW
XBQ
KIF
EDX
GDG
OPF
DFC
IGE
MRE
XKJ
DYJ
GCV
LRO
HAR
LJQ
EOM
MBG
HJI
HGG
GRV
ANT
BYN
OPW
YLN
EXA
FAJ
CDC
NFA
PWG
JDM
PFU
EJN
PNS
VON
VWD
ATQ
DTN
HKN
DQU
DBZ
KKR
WCA
BXY
SQD
HIR
KOJ
JTC
XWW
HSD
AWM
BPD
NPD
JAB
RWW
DHY
FOD
OSG
IRE
SWM
FFM
MWG
PGD
COT
RYQ
KNK
DIZ
ODF
KSM
SIE
STJ
XQZ
FNM
LNV
RAN
AYO
DDF
SVI
SLC
HRH
LJY
NSU
SHT
JGV
ZXD
YDD
FYW
VJM
MHA
VKD
YPR
SDL
NUN
MDE
PLN
HZK
KME
VTO
OLX
WEC
PRO
VXZ
COL
EII
TUX
VAL
MBD
ZQJ
VNJ
FSS
JKM
ZQP
CGR
OZP
OLE
BJH
SZL
WRJ
QIF
UVL
SHI
WJK
LKW
PZJ
FBW
ELE
OTM
CXC
OBT
BGX
KYP
BLB
ZEL
DKT
UQY
NQQ
FOB
AVO
OUT
IYB
OTI
NYR
OTS
WRK
WSM
EOC
IXI
GUW
ODH
WVB
KWR
BYX
ZHS
BAL
RHK
HVB
LQQ
FZO
THG
TFM
DMW
PMC
DQW
GFM
WPP
QSA
SSW
YCL
OTG
OLF
GPZ
YIG
HLD
OCK
CDF
VDB
RXI
REV
VSY
QZQ
VOE
UJY
KWH
WQJ
RQT
NNF
TGF
JEY
NQN
QXX
CWV
LJZ
JBO
QIZ
HQS
FRA
SCW
DEK
OXG
WAE
MKH
ZRT
RAU
FQR
PDX
AYU
BVR
VZQ
YOX
TEA
QRA
VZB
UHE
FBJ
PNF
QVH
PLX
YLS
EVL
LAB
CQM
DEX
XKB
DGI
PTA
JFG
GBJ
CIC
XXO
UMD
ODA
SFK
LGD
SNK
ZIM
HRQ
KHA
TDW
YAE
JEW
HRE
FOK
WXW
OIF
MPT
WYT
TUL
GPB
LPL
UFL
AJY
OFB
LPC
EPY
HML
CMX
PVO
EYT
WFY
RGL
REH
AHT
LTF
VOF
MOM
OXM
NFN
YBG
PFP
DTJ
VZZ
CKO
ZIG
GPH
JEU
ZYR
BPZ
KFZ
ZCB
NKZ
RPH
RZC
OVZ
POG
OOF
AQX
MHG
DPB
WUT
ZQN
ZGD
HZI
VKW
KGG
NQY
PVR
EAR
AQZ
WCR
AFB
TPY
LZX
JHJ
XHU
KEK
ABU
LSS
FCP
OJD
BUZ
KIL
VHB
ILK
QHM
PRC
PCL
YZB
BFM
SYO
YSP
BZX
EYV
XGQ
OIJ
YLO
MOQ
TRN
NGP
QYZ
XCY
LKI
DZM
IVZ
GTU
PSI
IXZ
FLV
XSI
GWW
NWF
UTX
INC
XLR
ACA
CTD
UWS
JEM
AOA
LKB
TIQ
KVT
VOQ
GSW
FXC
CYB
XUD
ZCW
ZGG
KEW
LDW
EQQ
JRT
RXB
DWK
NBM
UOD
TVB
LGF
HLY
CWM
VUD
YDF
GLT
BGJ
AER
LGU
ONY
JSM
UTH
DJN
TUY
VIA
LTT
BGK
IRV
JFR
ZTM
QBI
UKT
FUP
QYK
VBS
UST
PMJ
WTJ
ZXR
PYI
CQT
LKQ
ECY
TNE
FCB
TOR
ARY
CJD
PPF
AVB
BDB
IEV
NCS
SER
QDL
BEO
SOJ
UDP
CYW
AJG
ZZA
AKU
EIR
DIJ
VQN
UOV
OAT
KZA
TTW
III
WNV
PYP
IJI
OWD
ERM
PYY
WGL
IIY
HOZ
YDJ
AOC
VYD
RJF
NZD
HMO
VUO
ZSB
FKW
LPG
YJO
GOJ
YBX
DTT
ITG
SDZ
HBC
TEM
YAH
PZK
NEA
HBM
QAS
ZPQ
AJK
WXH
UJN
UJB
USB
KXL
MLJ
CJI
EPN
QWW
PYN
PYQ
TGW
GPC
NUM
CEC
UEX
MOU
UOQ
BRD
ICO
EZI
GGJ
SOB
ZUX
TMJ
JCV
SFM
VYA
YDM
IUE
XMD
UIV
QQU
DZY
LLF
CAS
AQW
JPK
TBH
FFU
VOK
AZK
YNL
QFK
OAU
VAD
SBJ
BTE
APD
SYW
ZMX
CLP
GVY
PKI
CCM
QAX
XMY
VHH
AEZ
OUB
VSP
FDL
VIZ
GJX
KUV
WID
PJP
UKJ
NJW
YIS
KAJ
JYF
WHW
WPF
ESS
OID
WCD
TAD
WFI
DEZ
MGF
XNE
NZL
JVT
GHS
VEV
RJN
JDP
RSW
QKV
ZFJ
DVF
LWY
UZT
WJE
RBC
RER
MHD
ADV
TUA
UYT
MSP
KKS
TJR
CAU
MOS
UNW
IUF
CRA
FRQ
KXK
FGF
ALY
RCE
PNO
QUA
MFU
QQQ
MZM
DVD
UWD
FBS
RVO
EXK
AUU
MWP
TAI
HTT
XGN
RYH
YZL
UXV
UMJ
NQX
KXZ
WDK
XNY
WKP
RYL
DRL
UZJ
GIF
DGQ
CON
BJI
EIY
SLE
RAC
WGW
IAK
QYE
TCS
UXF
QRF
MAF
GVQ
TQX
AJI
FQN
RGY
HUN
JOP
XNC
HMS
JME
QQY
WHE
WME
POF
ISU
CBJ
LSC
YDL
SXY
QJX
BOT
AQH
TPX
FFL
TRF
WHX
VOJ
ZMD
STG
CYY
SBG
LSR
LQR
NDL
HFY
YXJ
RBZ
DEH
FRV
SRD
NQA
TQN
MMZ
QLB
FGX
LPF
OHA
SNG
HAQ
SCO
MUM
SKB
ODG
BFX
PNP
TZJ
FGC
CVX
STI
UQT
GZH
NYU
VVH
SWG
NYJ
GXL
UHZ
UBI
PUS
SAZ
NRS
SQI
YCY
CEO
SRJ
CWR
QZJ
WUJ
WGG
UUE
BVD
HHY
FTZ
OQE
MXO
MTG
APL
HUU
XIC
YSV
ICC
ZWQ
UIY
UHN
FXY
OHJ
DIN
YIY
QWJ
WYW
OUL
QNA
PAX
IGQ
PHO
CCQ
QPM
RGQ
KQU
NWY
HDY
ZLU
FXM
TUW
EJX
HZQ
YQH
OWN
JRV
WDD
PFN
IIS
RNC
LAS
ZKA
VCT
HEX
RYZ
SJO
APU
BWM
XDF
ZYD
LBI
OBQ
HZE
XKE
KBV
LTX
WZV
RYS
RMI
HPW
MUV
WDF
IOS
YRY
TCA
LAL
OPK
KLU
JPO
SAO
PFY
XFA
BJF
YAJ
UWR
QVY
GVZ
CHC
CUC
IRY
ABC
ACJ
GDQ
TSG
MJA
ENO
HLI
USJ
JLE
DYZ
AUV
EZJ
XFY
ACQ
LUH
ZHA
LJS
APV
KVB
DDJ
ZTL
JPW
XXN
GSV
XBS
CGE
ARX
XWG
WYO
HAF
LPE
YYY
DME
KJG
OSI
HXG
KRY
FXB
VVT
LKA
ZEB
PZU
LCA
CZL
QLK
VPF
TYP
CUO
FNF
LYU
SAI
YHN
WZD
GJM
TJV
NGH
PUN
JDO
HJU
CAG
GQU
WWI
VRQ
DPH
LXR
YDU
DXC
WZK
WMY
FKV
NBO
HOM
JQS
MQN
AKJ
FZL
WHI
OPN
MFB
CHY
ZUJ
SNP
XBF
AXD
JSC
CPH
XON
KQM
OUP
HAJ
BZZ
KLF
PUA
FRD
PAV
CGH
RET
AGT
OOG
PKW
XRQ
GFF
VYL
GIS
ABD
OMK
HHB
ION
YWY
ZIJ
NOR
ONS
NJJ
JWN
DVZ
CGM
OXX
SGB
XTV
FBA
WKL
JQH
YQC
DNE
MRH
VPA
WIE
DNN
FMV
DLF
UZN
KRG
PXK
ENR
DQO
JHC
PJH
XMT
FFK
JWF
WAA
KTX
IER
AVM
WSF
DDB
DXP
PIV
NVF
AON
BQV
FER
WRF
UIC
SUD
LAT
YJM
GMD
GMM
YFZ
AFC
WZR
ZHN
QIL
IKD
RRB
RNV
YTU
ZWM
YAG
ABJ
VRA
ESJ
ACO
JKH
RRX
LMV
BYF
UWM
OUW
TQM
MAE
XUA
MTB
ZKK
QRI
YBT
AGP
WKJ
ONC
JYB
XUL
EIH
TSS
FBL
XQM
AIO
ZJU
YGH
CGW
VPP
CPL
SXA
UVC
ANE
ZPI
IXV
BIT
VCY
VFN
JZU
LLM
DAC
TRE
AGI
UJW
EZL
JVV
SKF
DVR
VLW
THM
YJJ
ILT
GAA
NIO
KOM
LSH
AGR
SWW
IOY
CXO
RDW
IYV
UPJ
BSB
PZR
WCF
HBX
BIZ
ROF
FSB
WZC
ZLX
FQV
OKX
CMG
JER
MJT
XJE
SAB
WPG
FHW
RFQ
SUV
QXJ
YHY
CDI
IFP
XPM
MDY
FWC
KKV
XKY
QHQ
YYP
GGA
YKX
KQI
FWV
PIP
ZHG
CXP
TOK
IOI
WHA
SDV
RLW
ZJG
JGJ
IBO
AGF
HNL
SYZ
CXS
VTL
KYO
QYX
BKQ
ATD
GGP
RJK
IOE
WMZ
SPX
JEL
OVW
CQC
DZZ
GCC
PGM
QRB
CNS
DUG
OZE
PWY
VUV
EVI
NDA
CTT
VVP
CQX
DOG
ALN
XIA
LBZ
PZQ
HFN
KDV
ZDD
ASS
FJT
INU
CYT
YED
NXQ
VSA
DIQ
HUS
ACC
VUT
DDZ
KHR
RDA
NCK
HOQ
UTN
NMQ
BVA
ZZM
IDW
AHE
XPH
QVT
QJW
MIC
QYR
WSQ
GJA
BUA
PVQ
PGQ
ZJX
DOR
ZWN
BFU
NHB
IXA
WPH
ASN
GAJ
UJD
XFR
XGZ
KLL
LFS
BRO
RBI
MFT
HJN
LGG
QTZ
AYN
ICE
LMH
KEH
LUC
HAO
IWO
MTM
SCP
NAO
XEW
VDT
LUY
PLW
SWD
NGL
VPZ
MOO
SNI
GKK
ZHR
FDT
LHC
JXL
OPZ
AUW
ZAV
TUF
XPR
PJV
CGD
ZHK
GKD
BVW
SLJ
ACD
MUN
GOA
PFI
TRI
QQJ
KRR
MTD
IEL
FUO
BRV
XDA
JMN
RDR
CLO
OKO
DDT
IFY
ABA
CWN
TTR
YGC
ZSK
XII
KGJ
HPV
AJZ
GED
AUK
WUP
OZX
UXC
WPU
AEX
OLK
GWT
ALC
VAX
KNL
SSE
SDD
LVS
VPJ
IJU
HWN
ZSL
YJC
FUH
VMD
GKF
VXU
HOL
BQL
XKL
JTL
UAC
HXB
AMH
ARD
LBF
GVM
HGM
OCW
OKK
QFV
FUE
DHV
MLV
DZG
RVY
AJJ
EBZ
WDH
HKG
FID
UUV
TOZ
ZBN
QIW
RIV
BLW
HTW
ORA
DTC
ZEX
TBC
PNG
UKU
LZN
DGX
AYD
ECJ
KZM
AYF
RDD
FJO
TSK
NIX
CXZ
PWX
VOL
NLH
EBU
GAT
MMW
LXU
YTF
OSN
GDS
BLN
VMN
ADS
VZR
QSE
QUH
JGC
OMU
CIR
CTV
TUM
LLO
ABZ
RRL
KNN
VMY
LUJ
GXI
NLK
QJT
HXY
QZD
NCX
LBL
PQZ
EAL
CYQ
JTT
TPM
BHI
QHY
PPI
SYA
NEM
MEM
UBL
IVQ
NMC
SET
NWO
BWX
XQJ
DGR
UQX
BAN
PUC
ILN
FLA
RWZ
XBM
BNQ
YMX
KNV
IGO
YXI
ZCV
ETI
UDH
AQG
KGC
WQC
PVX
MVO
GHF
KQZ
IPZ
JTF
OIM
WIY
MGY
AXC
TPE
BXV
PXV
XAL
MDR
FDI
CFU
LIU
LQN
PCP
EUR
IPJ
VGR
FLQ
CKT
NDJ
SUQ
YEV
WZB
KIC
LRP
QAT
JRY
ENI
CVA
RZG
VML
IEB
CZI
CVR
TXM
HCB
JPQ
GGU
ODP
DBP
SNJ
XLG
EYO
JNV
OWL
YTT
TGP
GBS
ADQ
YRV
XIH
RQP
FHZ
YTJ
PNI
QGQ
AFY
KCF
TGA
WDZ
NBR
XAT
XNH
ART
CKN
DEL
UFG
DPF
FAU
IZB
HJW
BNM
EOU
DHK
SCD
TKA
QAY
WSG
XLK
DUP
TAT
XXC
XGM
AMB
FAE
ZNB
KYN
CEV
ZKJ
QIV
YUP
NXK
ABS
TNX
JJJ
AZL
TVR
NIC
FCD
NLO
XNZ
DSZ
UCJ
GWN
LYT
LVJ
YEJ
TPO
QYU
DYQ
XTP
RWD
JYP
JVL
ZAA
TBR
STR
YNA
BRU
BIF
DSN
ODE
DLP
AZM
FHX
RWN
JBD
IIJ
CNY
VRW
IEH
ITD
LDH
UNS
NBH
XEV
KCB
TKI
DAX
GLN
YKP
JKR
RLM
FIB
OPJ
IZE
CNI
HZT
DWG
SGP
YRD
MDJ
LWU
LWA
KOV
EXY
DSE
ABE
GYF
OXE
BXI
TVV
PIH
TQR
QAV
TDP
WTE
HID
PJR
JBC
FAY
ZYX
JPD
NUA
PQX
ETT
BJW
TRD
EUW
FZY
TWO
TRZ
BUO
ALG
CXV
WDJ
YWH
ZIW
LLR
MXB
DVQ
FMA
JLF
QCK
CFL
YRS
WBZ
CWI
KTW
EFU
XYJ
EML
IWE
LBB
RZU
ZKO
ZJS
AGH
SFN
EAS
AAR
XUP
DJB
PHF
PMD
DQV
TCV
BBF
OVM
LDI
SOX
JFQ
AZN
ZTD
DBD
UJJ
TIM
FBE
ZDY
MXE
FSL
UPV
WCS
XEY
EDD
FBZ
XKS
AKQ
AVS
SMY
QZM
WNX
XYH
UMC
ZOM
KZU
DQP
HBF
SNC
IRP
ZPY
OQR
ROL
APP
LQD
FFN
WJG
IAG
UCK
EFP
LAR
DWU
TEZ
NFF
WKB
QQC
XDQ
EBN
BQH
HEG
YZM
WWS
LGK
MLI
UXU
PCN
LKK
ZKI
LMQ
WQF
QNE
MWF
RKO
WNG
MEF
SST
JAX
DAJ
QBN
TKT
HAV
HLQ
WSK
BBM
KFY
GPM
UMZ
RHU
BRK
JTJ
JVO
YVJ
XCB
GCK
TKM
NVN
IIH
QPT
BDV
JYX
UAX
LGI
VOH
ILO
BQG
JEB
HWU
FIR
KBY
SKP
QWB
YQR
NWT
FXK
HEW
DCT
EVX
RXK
CBU
AOM
VXO
QTJ
ZRZ
MNL
NBN
UDO
QBM
LOS
IZR
FQB
UAO
GJW
MHK
RNU
NRY
KCP
GWO
JID
NEE
STY
WFK
ETL
FZC
KKY
DIR
EGO
QOO
XFN
PCY
HPI
WPT
VZU
GNI
FGN
OSM
PMI
CYP
RKB
MYL
WYE
WCM
JCG
GKG
OJG
TNG
IBN
HST
CEH
SBS
DMK
GWD
APG
UGF
TNY
PDY
RZV
CFF
XPQ
SME
PYX
WSS
GRD
DZW
VTY
GWH
VLB
EBF
OSX
GOH
OWY
YKI
VSX
LKX
SNQ
AQT
XYX
PET
YUG
RSM
AJN
MKC
JPT
SAW
BNP
QWI
PCF
ZGA
QBP
TGM
WCG
SZO
VFU
NUI
ONQ
BOU
IFR
JCE
HOT
JSX
ZML
IBX
NDU
VHK
TIV
MPE
UQA
LVX
BFC
CLK
DXQ
KMN
QFQ
RNP
HDR
PJL
RCB
NOT
NYQ
VYC
OVG
BRP
XNG
JEO
NOH
MUE
ZGI
NZI
ANS
IJB
XBE
GLV
QNV
ZYJ
KCJ
LCI
QFI
RGS
EGX
NGW
QMO
CRU
FQG
CQO
GEJ
SVC
PPV
QIT
EQL
DAR
XWO
DCR
EHG
DEY
AGN
LHT
PEO
ZTH
IGS
GRL
CHP
UZC
MLG
GNX
BVO
BVM
GRO
NES
OAG
SXV
YCI
UEE
ZFP
CLV
UUZ
IAQ
NVG
DXL
NKQ
JOL
IRD
VHX
LCD
GYD
CZG
URM
MOJ
SLY
PFR
LMM
YRU
KSG
EAD
LXQ
BCK
BHW
FKT
UYX
VMJ
EHK
OUH
MEP
TRO
KHF
IHX
JQN
SIW
CAT
NJN
WXZ
CAA
WWN
PHA
KAM
QAJ
JGZ
HHM
URB
DOI
OIR
LZC
YQZ
VCN
KTG
XCU
CYU
PWA
SJT
WSV
JNW
EYN
TTA
GYJ
AIJ
LTN
GPU
LZZ
GXW
TIZ
LBU
KGI
OQV
UDN
JGW
JWY
MVG
FWR
MHN
MWA
WXK
ARJ
TZS
VRO
XXF
EMT
NDV
GQW
WWP
TBB
GML
XOC
LSB
BGS
FQA
NAT
TJF
OVP
YUZ
MVS
ZTK
DUY
MCZ
MZB
TEQ
FHP
LMY
ZAG
NWE
FEV
SZW
TQI
TDI
YFJ
HMJ
ZWE
BJE
EOP
RWV
CXN
EAU
OXT
TUC
WYA
ADL
LMG
JQC
LED
PQI
JOB
SEC
VHC
HNV
WAL
YGK
DHZ
KCE
HLP
FUM
WMC
BTG
GTB
NRW
AXO
LXP
RRC
SKO
HOE
AHZ
JOH
MKL
ZDL
UWX
YVC
ZZQ
GZF
DAK
LTC
RNZ
NJC
ODW
KDA
FLO
AEW
MRW
NEO
DED
HUO
ARQ
VNT
XAB
IMQ
TWM
CHE
DOD
THQ
CAM
JLL
XME
IWJ
FDG
YSS
JPV
EPA
GIX
LXS
MGT
BZM
YLI
NJK
OSP
UDI
VMH
XBB
SKE
KJW
ROS
KTT
UWB
MON
STL
SCK
KPV
CKG
ITO
LLA
VUC
HRZ
BLH
MSH
ZWV
KPO
BSG
XZZ
FGJ
EVY
FIL
WKX
TFF
WFL
VSR
XWQ
IAC
QTU
SKL
BJC
LQG
JCS
HSY
VFH
QQV
LOW
EPI
VJD
MSB
MLH
LWX
WIG
XOI
CDO
RPR
ZIU
XXY
FYX
UHG
PGS
EES
RIL
MGP
ZGQ
VOG
ZAH
FVR
SZU
TTU
KSR
CGC
XTN
MFI
EOF
WST
HBE
UUW
USM
YYH
HCK
OUV
IEC
ORN
MBK
FJX
JVX
BTN
EKC
UJS
AZJ
JDL
QHK
PBK
WZM
VDS
EQG
OEP
BUB
JXO
AFR
CRN
IZW
XRO
CXX
QHN
NAG
RVF
AMC
TIB
FPG
QMS
EBQ
KKW
WNR
LKR
HIX
PMR
PTE
NYV
JZS
VBC
XRH
RRS
GHL
MZQ
KRP
JDN
QZF
RJG
IMH
EIA
TXQ
SVN
GCP
EKL
OME
ZDW
AHX
KFI
YBF
HEU
YFY
RQD
GVE
FJV
GHU
SRP
YQJ
JOR
EPT
XSG
QTT
UQG
EEH
IPQ
KCG
PYR
AUG
FRT
QEQ
DUK
ENQ
AZD
KYX
DWL
TPL
PXH
OYS
UBQ
MAM
HZU
WSR
KSL
HPY
CLG
GNH
BYQ
QUO
HGX
EOT
VYN
RWR
HCL
KDZ
KJE
YII
WMS
GTF
LAE
WSZ
ILQ
JRL
WXS
NVQ
HWW
YCK
TUN
MFO
OMD
RGE
XTZ
IRQ
BJS
CJG
OCB
OSH
KOZ
BWP
NTA
NIZ
IFT
TZD
LBD
LUL
OTC
EOA
VEF
CMQ
GHJ
ZDJ
XIB
LJC
GHR
XTD
IIC
CUX
LDS
BWU
VYR
YFC
MJZ
TWW
GBT
IFW
GLG
OWC
UJO
KGV
HMR
WNC
DRH
HNH
NSM
TFI
JPS
WRY
DHM
HHR
MBI
IJP
KTZ
VFX
YXN
CPV
YIW
YXE
YES
BQW
YJV
WEV
KKU
DXE
OXI
PRZ
DRW
SFO
ITQ
QTY
HQO
SRU
WPX
ALQ
PFM
EMJ
ERW
YUH
ZCJ
AQR
SCJ
IXH
XXW
WBY
AXU
JLP
KKI
LJN
WJC
UZD
TCL
MYJ
IKA
HZZ
MBS
WWU
PKE
IHR
VWF
ZIQ
ZEM
QZI
FQX
LWN
GGN
VLD
KER
RCT
RAI
YZK
QJU
PHG
ERI
KDG
LLL
ESX
XTL
MHO
MIA
AOI
TCC
AGO
QLH
HSA
SRW
SIC
JDK
PJZ
XLB
DFN
JTD
SBC
GKS
OLT
EGQ
VIL
LKZ
OCD
IGK
ASC
KEL
DAU
QYV
NQD
XJR
GPY
XSO
XFZ
ISB
YLL
KSK
FZJ
XGY
QNR
WVX
JMG
GVN
BVI
FGB
NCJ
YKD
GGS
DIP
LES
JEG
MNH
APH
FUF
NFL
RCH
CDT
FYQ
DIG
ZJC
YGA
RHQ
WLE
OJS
ALX
WVF
XVJ
MIH
XGH
YZF
IVD
PFG
MLP
RDT
WOP
XHV
GFR
LIR
HKK
QJH
XVF
DQX
DDO
DFJ
VCW
EGS
TIE
ADF
OLJ
MUC
CCX
LBA
SYX
AAC
ILH
ZIT
XVQ
LUM
AEV
DDI
LQL
QOZ
AYB
CAX
YWG
NSJ
IGM
BEF
RAW
WMK
WSW
JIK
CHZ
KEJ
HJA
GBR
TTN
SAJ
JFW
XUM
ZZB
FGQ
JRK
HTB
FBY
UPB
HTX
XQS
VQZ
SLU
RNW
MRQ
JUV
VNW
JSI
OUZ
GAX
GOT
IFB
ULC
PSX
RVC
VBL
EZD
JWX
VCS
OFT
YRH
DYC
VLE
DTL
FNI
DCE
WND
YBY
QXY
LCJ
AKC
LBP
YHD
FCM
VTH
DFE
OHP
PHC
YYA
GBE
OAA
FDC
AWI
RNA
MWD
QGD
YPH
ZCX
NNU
AGU
XRD
UBY
EZF
VMX
XHT
UNU
PXS
XRB
VWT
MEA
XJI
FTL
ECW
POC
HUJ
QAR
UGW
EFX
IKY
CUL
UFP
BSX
HEB
UQL
FXV
EHE
VED
AVW
OAI
RGN
ESA
CVI
GHE
COS
ILY
YWI
NBY
SPI
KBD
VAS
QLW
EID
QCC
BXS
BXK
BRE
EMI
BDM
MHY
QSN
ENC
QME
FBQ
TZQ
UGY
JHE
QPQ
HDU
XPI
PZH
JYL
VXI
BLJ
OQI
RQS
RMQ
SUK
SQE
HIT
BTU
YAT
KBQ
PSY
NCO
XIS
PUU
UZV
CYX
HNW
IQX
MYP
KIK
HIC
BAI
JWD
JOF
CZH
ESL
HKB
SGY
XXE
NQF
KTQ
ZLO
ZCF
AIC
EUX
LIS
CJZ
CII
GDO
WAP
FPB
RZP
NXI
ZKN
KLX
ARI
AHQ
YSE
ZUZ
WGX
UIJ
IDO
MPW
UHB
YCP
CIJ
VZN
JBM
AWO
OND
JOC
NBW
TNN
GSB
INW
ICK
VOV
OPU
LIZ
PMV
HOR
KMA
XCX
DCY
KGP
ZQZ
ZZL
VKE
MOA
MVT
PTI
RJI
FWM
TOI
EAN
DIV
SLX
PCU
UBO
YBC
JQW
CUS
XMR
RTS
IEZ
MCK
ERO
BTR
MMF
DYN
DNZ
TEI
XJM
YLA
WYJ
ALR
DXW
OEE
GZQ
EPK
TZG
INP
THU
RZH
SEM
PIS
BAO
SFV
NWM
COZ
SZH
ZYH
HAE
TSX
CFR
NPS
AUR
SQC
ZUE
ETK
OMP
UVJ
MAY
UFY
TTJ
JAZ
UDZ
ZOT
SJQ
UAL
BZY
YAD
HVM
HRD
QCY
DNJ
XSE
CNC
SPT
ZVH
NBA
UGN
OAD
PTS
BEV
CNJ
AZH
XAQ
LVF
DNI
ZSZ
RIR
ROO
ZJI
RXF
RIO
AMF
SUR
ARB
IDB
YYO
OST
JGO
WIQ
FOJ
CEN
NVO
VJT
SZX
UQD
SWI
GMC
VRJ
AJD
WUS
OBH
ONN
KIP
SUW
EEL
SYN
JNA
DJA
UAN
QSO
RHT
OKR
JMS
GSM
RRA
PQH
XAM
MEX
TVU
IGJ
ZTY
HKW
IVC
XAI
DAV
JRR
VTZ
CKD
IBI
VLL
TZE
VAT
GKV
NYC
NAV
MTK
OLW
QIC
OKW
IJW
HRY
QZR
MFN
KOX
TAE
HXX
YFA
NKN
ZYM
SEP
HRR
SEN
VBB
GMN
FSR
QEW
THZ
BNR
USF
MMJ
PKB
IIT
HLB
GBK
CPO
VCB
HCT
LHF
XHF
CTI
URV
MFS
MNM
MQD
TBJ
YTD
INE
ROJ
PAA
HFI
YTA
CFG
SIR
LMI
NAE
VUK
ICS
HIP
REE
NUW
YPC
TLW
SRK
YUR
QJC
PMN
LTA
MFK
DUN
DOB
IDE
YVO
DQI
PEE
NEH
GVL
XML
FFO
YYD
ZBB
OHV
JFA
SOQ
JQO
NZA
BZQ
IIO
LRA
ZJZ
SDQ
IKF
XGT
XWV
TFX
DWA
QZG
SHH
ZNA
LHM
LRM
SKW
DFY
FZE
PTP
KQN
HIF
DRZ
QEN
JRO
UXP
JEP
HRA
RXV
OJX
FLF
XPX
ZVR
SIY
YFM
JUJ
LQE
QCG
ZCK
UHF
JBI
XOM
SFL
YXU
KZC
CZY
SHR
MTJ
HDH
VVR
IGA
FQW
GXJ
ZIA
NHC
VCC
KJC
NHX
YNZ
TBG
UKP
YMI
NKO
QPR
JJN
WKV
BUX
EPR
JNH
NWZ
FWE
LKU
RBJ
DWS
KVS
ZPF
HWV
EEG
BUS
TSY
YNI
TJG
CTW
HYK
MAG
EJM
AEH
PAG
PQT
EXI
NSI
UTB
EJC
BPF
EKW
KMW
PBF
GZU
VTB
UTT
TCM
AJQ
GHW
HUI
IDZ
INV
PQQ
HED
MGB
XFQ
EPZ
PDO
NXV
MDT
SMI
ZEC
KMC
EWK
DVG
ANL
RDL
TWT
CPK
UYM
XQN
XVI
MNI
WVR
DDW
AUB
WNM
GBD
IOB
NWR
ZEJ
ZOD
GUH
SOM
FRW
URY
PDN
VTG
TED
JEH
WWV
BNF
UZE
XES
UPG
AJO
NGD
PAZ
RRE
MYI
CFP
AMU
IGR
TMR
HBL
YTL
BSO
IOW
ZFE
BUJ
BQQ
OOV
ZBP
JWW
VOU
QNP
MAS
EKX
ODZ
GCY
VHZ
QDZ
PEX
ZFT
MSJ
UVQ
JIU
VXA
MBQ
VBT
QAH
MSM
ASE
THC
WRB
WQW
OGE
FQO
GZS
JTU
LCV
LIL
FNQ
IHE
NRK
NWP
KRF
EXO
XZS
ZZZ
SIA
SIN
BEJ
HSH
TEF
HLW
BIH
PLZ
DKC
KFG
FCV
FUS
IDI
LXW
HUV
QUE
DAE
OCY
JZL
PID
YMQ
BKW
OCG
KUM
XZJ
SYK
LDR
NZY
LVL
WJS
RTJ
PJQ
CSY
KPH
ZMW
RUY
VMI
BIM
TKW
IRR
BXO
EEJ
ZHB
SCE
MRL
FJM
HHN
HKJ
CVD
WML
BWV
BDL
RYY
ZHQ
HMU
LII
DDA
UBV
VMG
WJV
XMV
SNN
PWT
SRC
QCR
XJY
ROB
OWK
FMN
STX
UMO
UMA
TGX
PBJ
NJR
QNW
SQW
YJA
ESE
WAS
SRL
CMC
HPX
HHA
XTW
JPX
KBH
NMG
CRX
LSJ
OVC
IOU
LMC
DBX
FEX
HGU
UDY
SOD
EWG
GCE
IDP
AQL
WZI
CUW
KVK
KSU
SCZ
ZPN
HIJ
CSB
QGS
VPL
BUT
XEN
WJZ
PMU
KHY
HEL
SQH
VPY
RNB
YMC
WXC
UCF
WSU
XRY
XKZ
BHA
VNI
HOV
NCT
LPK
PXP
IBE
IAY
VTQ
PAM
TKG
VFT
KIG
MET
GXN
EHX
RUG
UPC
MSQ
PNM
UUN
LTY
RWA
QKE
EQD
EXE
JUR
KIN
GJJ
FLC
VWM
WDM
SRQ
LSF
UTJ
TQV
HNG
DCP
MJL
PXY
ZZU
LNG
SVL
FIE
KOQ
ZNJ
IAO
TNZ
NWJ
SRN
CQY
KRB
TZX
TKR
VVN
IAH
TUV
IYW
FXS
TJC
FFE
GHX
UCY
BGG
MNP
AHN
LCG
IAZ
VPC
RBH
SJH
YOG
MAA
OQC
CLB
UPL
RMG
QMK
DSS
GHA
QQF
DAY
WXU
KVL
SZY
OLQ
VUS
XNF
AOF
BWO
FKC
FWL
YMN
RUV
WGI
YYJ
FEY
KZF
QEB
BBZ
JUA
FAP
CGY
MQU
SOK
ELU
RGO
QKH
QPZ
FRB
FNL
ZBO
XLN
JGD
EBV
YMP
FKY
IRT
KPJ
WIA
DBG
RWX
KFM
KEV
ONP
RJW
UHY
PHW
QXQ
SZP
BHX
RLP
CVU
GXG
MRM
SHL
DTD
FHV
GNC
FXR
NMI
WTH
WTB
OEN
IDL
ZNV
AJU
LHB
SMF
HTP
MNZ
WMP
GOQ
KCH
ZAN
CGF
AIP
CCC
RFA
SKZ
KLR
OUQ
ZUB
KCQ
PYT
FNS
UZM
HHZ
FWK
CYG
EDZ
ERE
KTH
LST
NHN
OYX
JBT
RKQ
KDK
EOK
FVK
OYO
KMQ
BWC
UYG
IQK
FXT
XIE
YAL
ANQ
AOU
DFM
OAM
MQO
ZUW
XDR
OLO
FSK
AXH
RNM
ZWA
YQT
BIG
FIO
CHI
KXM
IFO
QZV
LKM
TXI
MUB
SSA
GIG
CTN
NNB
YSO
PQV
MLR
JLM
OED
IZN
NNZ
XDV
WRU
BEZ
VRB
GQY
CGO
EQZ
XMA
ZVU
VLP
TSC
VIQ
RID
JQE
ZHL
FTX
JCW
YSM
WSN
EMS
MAR
SZA
WMA
ASV
VDD
JOV
HYP
PAC
YYF
LCZ
COX
LMF
BZW
ZYC
ANG
IQN
HFM
YEZ
IYF
TFT
ISQ
NTO
CWP
VJX
JZP
VSJ
ODK
WZH
GZB
NON
NYM
DYD
DPY
XFJ
SKU
VRU
ZKY
YAR
IXL
KLC
JML
RFV
EUF
XPD
QCS
YWL
WZG
YOH
LGW
SJJ
PPC
OUX
NRQ
KNX
UMX
OQQ
ZZW
ZRI
HZF
KYJ
ISV
ZEN
RTN
IOZ
GGY
FJP
AUJ
IBH
LLS
TPS
HDQ
VKN
HCD
EWQ
SUE
OIY
OGW
SKV
CSH
DHR
QQE
NCE
MOC
PHK
GWZ
SVS
KYK
VET
ATX
QAC
YEQ
CNQ
SXS
KMM
IFV
ZZF
KVJ
UJL
NHS
FLL
MCM
CWY
MJB
BVX
YVS
LGE
RKN
AFO
ZRN
MNK
ZMB
IYK
HWO
NHI
PAE
NTK
CXM
MNF
ELJ
SAM
IZU
ZFG
EJS
YSR
LLU
FOU
LOR
WPA
YDZ
FVW
YCJ
HVJ
ANC
SBQ
FIX
BYR
BPS
BIO
SVG
RQA
HEQ
UYU
CFZ
EMQ
TZI
SFY
OKT
WGB
TVC
OSV
QOI
SIK
MFY
QNO
BNN
PAO
MJC
TQC
GID
RFO
ZVK
RRI
ZCN
OCV
MUX
SMC
QMX
HYM
BPH
LGJ
VQD
LBC
VHT
XTF
ODU
JZQ
KBL
GFS
LOD
ZBH
HTU
QAZ
EZP
KYZ
NUE
DNM
VAU
JZA
PBD
AOT
DHB
QFR
RDH
AKN
PPE
BWN
HOK
MKN
SBT
ZKX
TPJ
IWQ
VWO
PDR
JVD
TNP
DBM
THB
ASD
LNO
GLP
KBJ
AVU
REG
HCZ
MYG
XOA
GLX
SKX
SSL
KMT
CNW
IDR
UNA
NNP
EAF
UDF
YGE
CNG
GFN
FBO
ZJR
QQB
EIT
VRI
UTA
OVB
FES
FWF
HYH
BDJ
RGD
XOG
KVX
DWT
DKB
UNF
HRO
TGQ
CQQ
LRR
SEW
JPC
QMM
EHI
BDR
ZKW
OSE
WIR
BKL
QLP
QKR
WWE
PQK
RII
YEN
YIQ
CEM
AMV
CJF
MDI
PDU
LZD
GYP
AZI
BAZ
YWT
PBZ
ITM
YWD
BZS
ATH
GGF
UIG
VXV
WIF
HFA
SKI
WEK
HXS
CPN
ZGP
DOH
PFA
FTR
VVW
LEE
ANR
QES
VCD
CPR
CZS
GOO
TIA
SWK
AZF
YGG
BDC
SUM
FXF
AFQ
CHB
EXT
ORR
IJG
MKJ
YTW
PBR
LDF
PYC
GMO
KCD
RHO
QVD
SIT
SMD
LMX
QZH
ETJ
RZI
DXU
OHF
YOB
ALA
DLB
GIW
PCW
ETY
UCA
SSY
VGS
GKJ
AFL
WPI
ELV
TLH
TLL
DID
YJE
FCR
TKE
OPG
RFM
UXR
YUY
KNJ
QYT
WEL
XBW
TTM
ROW
VSV
MLK
KIM
ESV
DCK
KLV
ZTP
NZG
AST
SUS
RFI
YZG
XSL
OOJ
FIN
QBY
QWK
GBP
IQZ
QSB
QGZ
DXM
MKD
TVW
QRC
JKN
DFS
QDG
XYD
GMW
HQV
VOY
LXD
YOA
UTC
EAW
OGL
VUX
BQF
WPK
TPF
GRZ
ETM
NHA
LOP
UVA
XIR
CQA
CEW
YJT
XTU
NZH
KGA
SFB
UXI
XDL
RLN
MUW
NXX
YIZ
OZB
WZP
LQF
WDN
QFX
CQV
FUR
IUT
DOE
IXF
JRQ
LPD
ENN
EHS
IYZ
AUN
TRC
USS
ZNM
YPY
IVB
JCA
VSG
PON
VEH
GJD
LUN
ICZ
UVG
VDX
MKO
DOS
NVK
GNN
NKC
EYQ
CUI
DGN
RJJ
HDK
OLB
ODI
HOD
MUL
NNI
ECE
RXX
OGK
UTV
LUI
QVJ
TAJ
ZNW
HWB
TFK
TMX
DXG
EBK
NTL
VFF
OHO
MBX
WTD
CXF
IQG
DPJ
DRP
BTL
KBX
KDE
TWN
OBK
WTV
RJA
IJN
WQH
GYM
AJV
NBB
SUZ
CEY
UVB
UMR
LJA
VFQ
EKH
PTM
OKU
LIK
TIP
ZLI
ERX
QAL
JDV
KDH
NTN
ZXL
QBF
JWG
GGZ
PPJ
UEJ
TOT
WZX
OGV
UGP
PLY
NPJ
IRF
XXL
EHV
PHD
ZDF
BEQ
WRC
CWD
GBH
MRP
EXQ
XFW
DWD
BPY
BAQ
DCD
VWG
QYW
EXB
HCX
BZF
PKC
MYE
KMH
DPD
ZQL
ADY
WGK
WMG
RED
UCX
OKL
DVE
SCI
PCJ
FPL
KYF
AQB
XRR
PRS
JQJ
PYH
LSU
PLI
ATU
KFD
HHO
QIY
CQI
IGH
RHF
VUL
CTK
SHD
NSE
ANP
EWB
KPC
ZLF
ACT
FCH
VDG
YVH
EYJ
URF
QFA
NUY
ZFW
BRC
ZKM
RCU
LBE
NLZ
ZLT
WKK
NVA
LTM
DGM
YGS
HPB
PQO
RYU
RXE
UGK
TEH
PXI
FAX
ERC
MTH
LNA
RQJ
QBT
PKL
XPC
OWR
OTQ
JOY
NOE
OZS
ERP
DBC
BKK
DBA
KAW
GNU
NPB
JSL
FCS
YGD
CUR
SCB
BLU
MQA
ZQV
WRM
UKO
COK
SGZ
HCR
NIU
SLI
PJC
ZZT
FSF
VQX
ZYO
TAQ
TYS
WUW
LNW
FQF
ONK
CVS
KFF
XEO
UPK
YPF
BMO
GNF
OLZ
QPJ
LUX
TQU
HTF
QIB
EWP
GPN
QCP
FGG
QEG
HJD
BPX
WCO
WMT
VYQ
EZV
LHX
AGQ
CHL
UOM
JJO
QTE
FTK
NTH
FVA
VPS
SXO
LOK
QWN
DAO
IDT
WHM
WAF
RCN
RXQ
VTA
RVH
WUI
BBX
VQH
ZUR
RZM
UHK
HPH
LEW
WVE
WOY
AZO
BFT
HPJ
AAS
SSU
CRC
ZDC
HLX
IHJ
CJX
JPB
ZSI
FZS
KOW
YCV
VJI
LFI
LPP
BPJ
KDU
REX
QSJ
GMK
KND
GSD
ZOQ
GXR
DEN
NOW
EEF
UWQ
WBG
CTS
QNB
ZIH
BRY
ZDM
RJC
JHT
CEJ
GYH
RZY
KNH
AME
TJM
ADX
MGU
JIE
DGF
EUA
FFC
GLD
QPY
CJQ
RQK
UNZ
ZWX
ZAO
BBP
DAG
TAU
AJP
HUK
CVN
BEM
DJQ
TGR
ICU
WUC
CKC
QGL
OYV
HGZ
GKW
BHF
WEP
ZAJ
OZN
YET
FDB
MZE
PBS
TIK
SSB
CAI
OWE
BJA
MPL
AGX
FMM
BOQ
VVS
SVR
MLF
YCW
FAO
GUJ
APY
CUA
VUZ
NHU
WMO
HIZ
GWE
YVI
ZYS
DLE
EVC
UKH
SNW
XUE
PEG
JHX
LHV
GFD
GSA
ZIS
MMX
CEE
HVT
HXP
YUA
VRL
FZR
OGT
EWY
DBL
EKE
JWC
SCS
QVF
HGH
HSM
DRS
OKG
FJI
MWZ
NGX
VJW
ESF
IEY
PQJ
RDM
WAD
HEO
LWW
YNS
JKQ
POZ
ZUS
MGN
ZPL
QFG
MBV
EJL
NHL
WQT
XBU
MVE
FRK
NAC
UKR
MPF
ACL
HRM
JPA
XAP
IUR
GWL
ZMV
PXT
VCQ
JYK
KNR
GGO
ZCL
EBO
LNN
YYG
FRE
JON
FJS
UES
MMA
JIJ
FYY
XAG
GBA
VWJ
JMJ
LXX
EKM
ZXP
ZGM
FDO
BTH
XQO
NUG
SQA
YYW
UAZ
DMF
CHU
UQC
RYR
ZYY
QPE
RUD
MEG
XOF
JTQ
DSG
RLT
KPM
PBX
CCR
UEG
FQZ
EQY
JUU
TII
KCZ
ZMZ
TJA
BBQ
QEH
OZD
XFE
UXY
LTH
RTW
VLR
EHH
VNC
BKJ
ATJ
KHX
DKD
VRR
VQY
KNT
SDP
ZYG
VKX
NBX
KCK
GRC
BSH
TME
VRE
KBI
AFT
QUG
WNS
TXG
CVE
PCM
XBD
TDM
FDA
GCR
PJU
EMG
OUE
ARA
DZD
TMZ
RZL
POI
DIB
AFD
PHJ
JOT
NPT
PKY
QTD
RSK
XQR
DEI
NCP
VNN
FQY
NHT
BTA
NWX
MMV
XBH
DTA
JZI
CBH
ZYL
LFW
HGO
IHT
SFI
OKA
YKL
NVR
ZTN
NBP
FSJ
XJA
PGY
CFS
ZOU
WEE
INH
QMA
RQQ
UKL
EDP
TKN
RRY
YUU
FDZ
GRB
MMK
BJU
GFY
ZJW
SYV
NNO
BFW
HBK
ZOH
QNG
VRY
EAG
IPG
IEI
FMX
ITL
USA
RUQ
AFH
EUD
VCL
PVH
CNU
BTB
SIX
BCH
AIZ
BYL
FTC
TXT
AKK
ZTJ
YQQ
ETV
OVD
ENE
ONM
BEX
LWF
MLB
AEN
RRZ
MZJ
RAO
UKX
DAB
WFU
YKC
PSO
PNW
LLZ
QXD
WVM
INX
BOL
IPP
OBX
MLS
CMS
YKJ
KMV
AFI
WQD
BDP
PUY
TJQ
HMG
IOL
TQO
MDN
AZQ
VLN
GYY
ZUH
PJS
PDD
JVR
ORS
YGM
CHF
BJX
LRY
PQL
FNT
RQY
NMR
DYK
UEO
QQI
WKE
RKG
KCO
HIM
ZLB
UOJ
KHC
KON
MKF
KHB
CGT
VIX
SFP
OVA
OVK
LOZ
IUH
GYB
XNX
BUR
VQB
SOH
AIN
YOC
KLM
IPF
ZLN
PYL
EWV
RUU
ITS
WTC
ZJV
RWU
JJX
UNQ
LGO
YBW
RLC
QDI
OFC
CNH
AOR
IZA
VZV
HCH
BCF
BCV
XKV
VSK
GZZ
HBU
KFB
XBN
QRV
MDZ
YZN
GBL
KOR
SSC
QFB
XNN
UHU
WEG
FOM
EFW
XSB
UZW
FDD
VYK
GSX
GDF
FXI
DWC
QTM
TBK
EFS
VGY
ZBQ
SCG
VMP
DPO
RWG
DWJ
ACS
NAW
OHG
XXA
AHJ
DSH
PPO
DHE
EMH
MIX
QZU
UCS
TPB
CKH
OBY
INR
FEF
NDF
CBV
QQZ
RYJ
NMA
YAN
QDS
KTL
ZBL
YXT
UZP
ABK
VVL
LMZ
KSI
CBC
FHG
TNO
XGI
IWN
ITP
SWE
FIK
LPZ
HHP
OTJ
HGD
LQA
GQG
NNY
AOZ
EZU
CYR
GQM
CPG
ECR
YSJ
FOR
SFG
ISW
OFJ
HIW
CJY
WOR
JXT
ORG
FJY
ODD
UTI
WNI
TVK
PJA
MYN
UVK
VWX
HBH
AOQ
ZFU
HQC
QQX
WQN
GWV
ZAC
HVF
VOT
EJY
KLK
BSR
MSU
MQY
SHF
EPW
XOV
XST
GTY
INK
WFZ
NQJ
HWG
UTY
RRP
FQH
GSL
VCP
UYO
XOO
UPR
PVY
GBZ
ONT
PBW
LWB
LHH
MIY
TJZ
TKQ
HYC
KCL
BXD
CRI
THY
EGR
PVL
RFR
JWZ
AAI
CYV
OBD
ENZ
EAX
EBB
LME
URP
CWF
KAU
YMJ
UPW
OJW
DTY
UER
NSX
CZE
QTX
HFC
SDO
PTT
PZY
RSH
LFP
XRW
XDM
CBG
PDT
RIM
ECB
UOZ
TGN
QZW
ITY
DYL
QMN
TRJ
EMA
BJN
LBY
QED
HHW
XSC
SYC
HEN
OJY
KIR
ORI
MQJ
FVG
RYD
EDR
GLL
HDV
TET
SPO
CJW
ETH
PWF
JWI
VBF
EQX
NDM
CRB
CSN
WZU
TGV
HFD
CEU
CRH
TJB
NJT
QQP
JQI
SFA
LEG
KOK
ORV
UYH
LWO
ICH
QVX
GAL
UGB
ODY
GKQ
CXB
YAX
OTD
RCW
FLI
IMN
UEN
KMP
UGE
LXG
KOG
AVV
QWM
YHU
PEL
HCI
PEC
QLJ
YKS
WWO
WZA
LUP
ORZ
YHP
XMU
ZYQ
GWC
MPM
JFV
AOL
QWH
CXQ
QHV
MIP
FFZ
PJI
NRN
FQS
BCW
LQV
OEY
ZKH
SRG
JKD
ZVW
DCB
IQM
PTC
MAC
XHH
OLH
VGU
IIL
JIS
HHX
KYY
SPS
RBS
ZEV
OKH
YNO
RAB
FDX
ECU
XLO
DMT
RTQ
XJV
DDV
KRI
RDG
PZS
BZC
HQW
EMU
UIM
KIH
SHY
WSJ
LGY
RRQ
WBR
UKE
PXD
TCZ
KTA
WOI
TQE
KHP
CKZ
ESO
OSB
PWD
TDG
FYJ
UGH
SND
YZU
YNM
JLC
TFY
FPI
BOX
EYW
MYF
RHD
OHT
ZVF
NXZ
GFZ
ACY
EAP
FOF
CIU
ULW
GEP
JAY
KYE
NBD
NEK
DVN
NCR
CGI
WFO
TGC
BGB
LET
VFI
VXC
XCK
FUG
IKK
SPP
NMN
HVZ
BYS
FEL
HJH
ACW
XVZ
JYI
NSP
HKT
ZJE
PRJ
OGI
YQM
CQD
XRI
KYI
IWH
WXB
IGU
ISD
FYK
TMG
MCX
BAS
XEH
BXA
FUD
RBO
TLP
ZXH
CHM
CLM
WBH
DVI
BED
BCE
SNU
POD
LHL
MTO
RPM
EYF
VGH
UYW
LLG
RLZ
NSW
WUG
IGC
CNA
IZF
UUU
RSX
QOY
CLD
YZW
KPB
FMQ
JTY
XZC
OOP
BCB
EQA
IKE
XOZ
DWQ
KIE
NNQ
KZO
ISJ
PLC
JOE
TPI
TWE
UUB
UWU
GMU
AJE
XWL
WJH
FVH
FDW
ZJJ
BOB
DKI
LZK
PSS
AAN
IEQ
SPQ
UFM
JZT
MYD
UDS
YXC
JPH
IXE
NHQ
KTJ
RQN
ETG
GBN
WJY
YTE
QUJ
VUE
DZX
SDK
AFV
HDZ
TPG
GJZ
FGL
SGJ
KYR
XRG
ERH
VGA
AQF
HOC
CMY
RFN
KGX
MRZ
BDU
VCO
LYO
BWT
WLH
UGO
PQR
WTA
RJZ
YPT
ESK
GUQ
ZAY
CFJ
MRI
GAP
ISZ
ECM
ODJ
XIU
ZIP
HNQ
CXJ
DMO
GXV
EMR
EVS
QVC
YYV
PWN
HMP
CFA
UFV
BQJ
BDK
RCP
UFK
JMY
BZR
COY
LSK
CSO
HRU
UJR
SLQ
RVR
QLN
WZO
DYR
TTP
HIS
DZF
KPN
SJL
WUV
MSZ
YML
YXW
EIN
YNQ
ZGF
JAA
TGO
CPC
QYH
DHL
SBO
RTR
EAA
ZNY
TZW
OHC
CHK
OQY
IAL
RWB
UJA
QPL
NMJ
BVZ
KUB
HZH
WUE
ELA
JOX
ENJ
KQR
XYE
PBG
LCP
JRC
DOU
UXO
XCG
DQQ
ELQ
MWH
FHS
WCP
OMW
IAW
LVP
TUJ
INL
DMJ
CKR
RNF
WPQ
HHV
FWP
YOM
GDA
VEI
NGN
JTN
UUD
FIU
WLT
QZE
DJC
ZLE
EZQ
AVJ
QEM
PTB
IRK
SMW
TSU
OXH
ZXA
KUQ
RLG
OUS
TXK
GAI
JWH
TDQ
FZU
OXV
ZRA
IAX
PIR
QQM
JTO
RJR
RSJ
AYZ
VXY
WAY
MDM
JAQ
TNK
NGG
UHS
ERA
EDN
TZH
IZZ
KUE
CTR
SEF
KGY
DVB
YJQ
KWO
LXF
TVM
WTZ
HEA
GDY
TIS
AHI
FBD
PHM
XYB
WXE
NUS
ZLR
FQE
QSI
MQV
HWF
JBB
QGX
CFI
GHG
BOZ
PGI
RNK
BYZ
MOV
CUJ
LJP
AUD
ONL
PEY
MWW
HCQ
ZNZ
HAL
NFQ
EMN
RHB
JDC
CQL
BVY
GXZ
BKE
XVD
QVW
HZP
GQX
UQH
KFL
LVB
YRF
UUP
UTF
ZWW
CNT
GVO
IYS
ABW
FHJ
HRC
VQO
OWF
BMZ
SHS
GUE
POP
VNM
YVZ
RGM
GQP
HER
DRG
YQE
BJK
BQP
BQM
AFP
IGZ
XFB
AXI
EFV
MOL
XEB
OBS
LEK
SOS
XGC
HWI
AEY
GYT
XKK
DCX
CNF
HQN
EBL
BFY
WPS
UVZ
DBN
OUG
YNG
TZN
OHE
WEA
YAK
JHG
EHB
HPQ
ZNT
KMZ
LUB
VGF
SHM
CXL
HSP
CHN
QJD
LDL
BEN
RZK
XTM
EEY
IFC
NLU
PLP
YUS
TVO
CVL
RVP
MYB
WOV
RGA
CZK
GIN
SRI
CKA
PZT
VFJ
KXR
ZPH
IMJ
KVD
BXR
FPR
OYQ
IST
CPB
FEI
ZAM
JEK
YHX
LTD
VHQ
YZC
ALB
SKY
SRT
TNJ
RIW
ZWK
XLA
PLF
GFQ
FPQ
GJO
FJN
WAW
RHP
WMQ
TNI
EUP
CDD
OHY
SAY
FFP
EFI
NXT
VNG
KRO
RXA
JDU
RXZ
SEY
USN
KMB
ZUV
RSF
OQX
QFO
UHC
EDH
CLY
CRW
FJW
ENP
PIC
UHH
GNZ
UQB
GNQ
WRE
BUV
SSZ
COH
OMA
EIV
YRL
FUA
EDT
ICR
YEM
FCU
VAC
WEB
HFJ
JMH
AED
ZYN
SWU
SZS
YSB
QIG
DZJ
LSO
LDX
EXF
COU
KRL
PKQ
WLC
ELM
OOL
WGU
IAU
EOZ
NKG
DGY
FHB
BVK
UBU
FUB
FAG
ULZ
ROG
TEB
SNY
FNR
DTS
GCN
TWL
UUC
WBA
XMZ
HMQ
TXW
VSU
VID
IKI
SPE
EWD
DZH
IEN
XHW
TGK
RSV
JCR
AZB
FDE
GLO
CIN
ATN
BRX
RXG
VFS
PEI
CED
XTR
LEM
IZY
YPB
LFC
DYM
YNW
TNB
BFP
DIH
BHM
GBC
QUZ
VTJ
TQL
ZXG
OLD
YLE
DWW
DAI
VQI
YVE
DGS
AKB
FAD
WKS
DQY
KQO
UWC
KSB
KOO
WAC
BLE
CYF
SLN
CWT
CKI
JET
MLM
HJQ
OEO
AAK
CXH
ZQH
CLH
ELB
YDI
LXT
TNV
ETB
JVM
WGJ
JXF
WPB
TSM
IBZ
FAT
CIY
YHR
RPG
GTH
UYD
NGY
BGQ
BWQ
FME
XRT
NBQ
ZPV
YPW
GES
THL
OMB
RHX
EQW
QQT
IFJ
CTQ
GZW
MRC
UYY
KLE
WLR
MNU
OJI
XCQ
WVD
ODB
ENG
UVR
GHM
WIX
WKW
PEB
BMG
MTU
CZR
LGL
QRH
OQW
DQG
OCM
CQG
APN
AUX
PZV
UHV
LVV
NDO
EQF
VJY
FFB
URT
EZX
YMM
HRP
TDK
DHH
RGX
PNY
UXG
FJA
YXV
DFX
KNP
KSF
VZL
EWF
QCU
DJS
FQD
SDB
DDQ
PPT
VWS
FDY
WGZ
AFE
BEK
PEF
EYP
DUS
LOA
TDZ
EDL
YNJ
YLX
KGL
MQR
FTS
ARW
HUM
SRX
WDP
MYZ
HWT
JKX
OTV
QUP
XNR
HZS
DVL
JFZ
USW
VBP
FOO
NSB
IHP
LTK
DRI
GDI
GCS
QQR
XJW
AQY
VQR
IHQ
RPL
JOD
ZZC
VDZ
TKK
DCS
VGM
AMD
HEP
VLV
IED
TDJ
BBL
ARN
RQI
FEW
YUD
IMY
AII
DVO
PCC
BSQ
EXL
MOG
UJU
XYY
ZTG
RBK
SIV
XYR
MIO
REC
BCU
MDH
GQS
BNX
HPR
DRV
AAG
ZFK
CIX
QPG
STH
EAT
OIB
ENS
QYM
ZQB
ECC
GMF
NOC
YWU
UFX
NXE
IFS
OGP
CIV
AIR
JZY
QMG
LWQ
OLU
XEX
OFW
CTA
GOB
WIZ
BWB
AWY
SDG
MWB
WJF
MIQ
SKQ
WSY
HAU
VCM
EQU
GXX
MGZ
XOH
VKO
GQF
QMU
VDM
EQB
SPU
TDV
GTR
SMB
PUH
JLR
QSZ
RHW
BFE
GKX
GUO
NWB
JIX
QSH
SOL
QXI
EJO
AMK
VEL
JFT
XKO
QLA
IZM
FFI
JOO
DMY
VLQ
DZE
IVH
KVH
RBN
UZO
OGN
CAO
TLU
NFS
LOM
QID
EBP
EBD
WKG
TBX
NIR
DLN
IFL
UYI
BDS
UGA
XEJ
NWC
DCA
DPI
QIJ
ZRO
XUF
UVI
VAA
UXN
SVU
EEK
YUJ
QJF
RWI
ZCC
OIZ
CXY
HYI
ZKF
VZM
KKE
GEG
DNQ
RMC
DTH
FQL
KXY
HPG
KZP
RMV
UWG
ZNK
LQJ
JNE
SOU
XEG
BHK
GAU
WER
BIK
VLS
VZJ
RIX
ZHJ
NYX
FCA
JOG
DWM
HTM
PAU
WEQ
MMB
XCP
XZB
WGR
ZUL
WRV
XJT
KDB
FLD
UTK
DSD
NZM
VFR
KPY
JRS
OFU
XPO
YFR
OAX
QYJ
QPO
HTJ
DKL
CPM
QCX
TLS
CAV
VCE
DFP
PME
OES
LBG
BYT
XQH
YLT
VVG
ICV
IEP
QRL
KFH
KPP
VFO
FCT
VBH
IRN
PWQ
KZS
QON
GGV
ISN
LHU
WMF
FUN
ZIX
EWU
XJS
CDP
ZAI
KNW
QKX
ZQM
YKH
QIQ
KMS
AHB
BQC
XKA
MTR
FKM
AWC
NJV
TWZ
GNT
ZKP
WNW
YSC
AOW
OMX
JBF
VXJ
MCQ
DNF
FMB
UOB
VJE
FRX
QVV
QDO
HTV
GRG
TWF
HXI
MEC
OIK
YDO
HZV
BFI
PRB
ZBM
WAK
NZT
RKV
QPH
CBS
SCT
GMB
PLS
UFR
KNM
GUP
ZOW
RUZ
JCI
XRV
IWY
CCZ
SVD
INO
CYJ
SLP
FFD
HJS
ELI
OVF
CUE
YNH
LLD
MZY
DEF
JBH
CUD
TBA
NUU
ZPX
SAV
NMF
SMO
QLX
NCA
BDH
PDI
HRS
JQU
FRC
KWI
QGN
DPK
YWB
LPR
HNO
ZSR
NAF
INF
ZDK
VDP
UDC
OBL
ZVX
MBH
EGB
NDN
QTI
YLK
FWQ
RRJ
QVB
EWE
UBM
KBR
BJP
BFN
WWD
VKT
DSJ
RHG
JSB
VCX
QWS
DPL
EVH
YWN
BLC
XYT
ONG
PKM
CSZ
FSX
HYS
ABR
VYU
CQZ
MTC
XBP
MOP
TDY
WBK
MMT
DTO
YNK
ZVN
XDD
PAR
NFE
EXZ
POH
QWQ
OEB
DKA
FET
QUF
KPZ
REQ
UAR
ZFI
MTS
LYM
EFK
PTL
MWY
ARV
AIB
NII
USP
OPE
IJL
OVJ
SKH
XGD
QMZ
PJJ
YUL
USE
JRB
GNP
XRM
LGT
WKT
SUG
YIK
LTE
EWC
KSV
HTL
QMT
XCA
ILG
LRE
VAW
MRY
JWP
GIL
FTA
CZF
MXT
SZV
EPJ
HPP
QDR
OOZ
EJR
SJK
IKS
KET
GOF
HGQ
POA
ACB
DEG
QFC
ZHF
XNT
JNO
HOH
EWT
LVK
RQH
IHA
ZJO
XFI
NQV
JSG
QYI
HND
HVP
XJG
DLY
TSL
GUN
ZFB
FZZ
PKS
OAZ
CLS
RSC
IMS
UGG
EBW
BAJ
IHV
RUE
DCJ
FSA
ZDX
LKG
TXJ
EXR
CSX
YNP
ZRP
TFB
TBW
ALT
ZRG
OZH
HGC
GHD
LKY
VXL
RSP
OQK
TWV
WQL
TRK
DUI
OFL
APO
FEJ
JHU
XNI
RKK
GRF
IHO
NML
KWD
EMK
IUU
ELR
SAS
YPU
YTS
RIQ
OUC
SID
BMH
XRF
KGU
XZH
TEY
UVH
FKU
HEE
NDP
JEV
YMW
AEB
ABO
WTF
RYX
IDH
IWP
KKZ
PZL
SLK
UAG
PYD
AEK
JNJ
WUQ
HJE
NNH
FOY
HFB
VLO
UCG
NPX
SSQ
ZTZ
NCZ
DTZ
JSS
GRT
DBY
BOA
KDO
HXJ
YGJ
DRT
YYQ
UDV
PJD
SFH
HTE
IPX
JVS
HFL
UUL
NAS
BJL
YME
LXZ
GDH
KGQ
IHZ
IYE
SYJ
WXL
HQM
CEF
AIK
XCD
RCY
FSI
FEN
ZKV
GKH
ZHV
HLS
GXT
RSL
BIX
SYE
IJD
AXT
LNZ
PZI
AAJ
RDS
VES
JBK
MVX
EUE
AFZ
QTP
YZJ
WKO
UDU
RZE
DEB
UQO
HKV
NHH
MRS
PEN
PCR
LZF
WQU
VMQ
EGU
BBU
QOV
VAK
NIP
FYU
ZXN
PSB
AWX
WZN
BHN
VAN
JVU
FTF
JDG
FOL
WXY
EEO
APZ
GWJ
OHM
VMK
HXK
DOX
VEG
LUR
NTS
DDR
ECI
EDU
ZRK
FCZ
QBC
XSZ
JZE
RBM
WBF
WQY
CWG
MVY
XMC
IYP
LVQ
QHH
MNO
XYW
AGS
XCS
KQP
FCQ
OXR
WGV
KXW
WRA
NZQ
IUL
NCB
YQG
JLS
BUL
RJS
KDP
HGY
WLU
WWK
MZH
FFQ
XTG
HDN
RKY
OUA
EUI
RZJ
HLM
XKI
NEG
KSS
IYC
JBE
TVI
TGY
NKV
KEB
KEG
JSV
HAY
EDK
KOP
MDD
JCJ
PCQ
HSR
BOF
GFJ
CHO
NKD
UAY
GOM
AKF
APB
XHM
TYM
WCB
KTD
PTH
IQP
IJF
BUI
UDX
VPV
EHR
UZR
GYA
MDC
GQL
NDX
HES
XBC
ZHT
NAP
CNZ
PRU
IPM
UBX
MRJ
SUA
MKE
DJU
SKM
IRW
NDT
VVD
VDU
SSI
NEV
WMX
FVI
DJM
NMO
CZU
NEN
RTP
HAI
WGF
QNH
JWO
JYQ
PJX
MHS
XUW
KEF
AUC
WCK
CSL
EPS
KJH
KGR
URH
AIA
QUR
OAC
MJP
ZVG
IND
NXW
PDV
OSS
HYW
ECQ
MVQ
LOY
FFT
SNO
SKT
OFS
OLG
TKJ
LCR
RXM
MUO
GQI
OKI
MCD
WCJ
EWO
AFK
PES
JUS
RKR
TLO
KWP
VNX
PFB
XAC
LEN
FWG
OJP
SUC
ZHO
SBL
AHU
BBC
YTR
NLG
KMJ
CWS
BOP
GSZ
KQK
KJV
NRG
MBN
VSQ
ZZN
VDK
FOP
AVZ
SAQ
UFH
LIM
RQC
PUF
DLW
OFX
AAQ
IVW
WYL
YBN
TJN
LZO
WUX
YLY
FCJ
GZR
JYW
CAQ
FNA
PWP
MVJ
JYZ
WDS
GUD
SWA
ZWJ
ERG
YLU
PCK
RQB
UYR
BRR
YHV
DCL
OTN
DML
RMW
KPF
VCH
KBU
GAM
QVQ
OPT
QLV
RLV
NMZ
DAD
FXP
UMV
AVH
IDG
DLG
NQT
IBT
XHP
TJU
KIV
ZVV
SXN
AOX
LJF
UNJ
NYE
UMQ
KXA
GLH
DKW
JLK
SPC
KRE
SEI
MKT
PSN
PMS
LNE
TYZ
KIB
ZSE
ZXY
QIS
KZV
FLE
XBJ
JLI
SJV
NGK
DMB
JRH
IAJ
RXH
KIY
WWQ
CWO
FIW
XWS
TYQ
VAJ
PLO
SXD
ERN
DXJ
CTY
WPE
GZC
ATS
CRO
QUQ
NDE
OGF
WYU
EUC
FTM
LHW
DGC
RJB
NHO
OVN
FXH
AKH
OXY
GVR
WCC
LIN
AQS
EJD
GYZ
OJK
CSW
JLJ
MIE
BLV
ROP
SJI
GUU
CBR
DDU
BVN
JIZ
TMC
SDH
TUT
DHD
GRX
FWH
GBM
DKO
BIV
HZM
TYO
HDA
FXJ
YQV
QKP
EYS
IMX
DQM
OQP
JHM
ZYP
DZQ
MQW
HTC
LCF
ZNE
UVP
HSL
RNS
CDE
HSF
NKW
WQE
SGT
CAJ
PPG
DJV
UIO
ECO
BVL
ZTF
XXG
NIJ
YBZ
GVH
IVV
PVN
BMY
CCF
DCV
RBT
LDQ
XGX
WJP
PXB
LNT
SXJ
QEX
XMB
HOI
CQB
WCZ
NPQ
TCD
VIC
CAY
FGR
VTI
DPU
GEX
ZVI
UCL
GRP
JZC
MNT
MGS
NAI
BJJ
XVB
FCL
AGY
VKY
RXO
OTB
YPP
YPG
BNI
PMO
GRM
RUK
JIM
NTZ
QAG
EUU
XUU
WXR
VMF
VTR
RHZ
YKK
GQH
BKT
RHI
XKF
BQE
RKM
HMI
BCJ
AFF
LMU
WKH
LMP
PMP
SYH
RYG
CEQ
DUR
QHX
RMS
BRI
TAH
ULA
MTZ
OCA
DYP
LNP
DFT
BJD
RDJ
YIH
ICP
QVA
WAR
UJE
QRG
WAQ
XMN
SGA
BKZ
WOF
TLR
WXD
ECD
HQG
LQC
LLE
MAN
DFQ
RUL
SDM
MFM
TTD
QCO
YLW
WPD
UDB
YKE
YZE
TFW
NIE
XHQ
ZGV
KHT
SEJ
WMM
NQM
NGF
RYN
OHW
AEE
DCW
POS
KMG
CWA
LAD
BSN
WZE
TOY
MZK
GZM
QII
EMO
ITA
HYR
DYY
QMW
PLJ
TKP
ZTT
UQZ
YKT
MSO
CSQ
FHE
VOB
YWS
UOH
USH
LQM
HFS
QYA
DND
SAD
LQX
ZLQ
UVT
OPB
DYB
AAB
EPD
TMT
XEE
UZB
VQG
FMJ
XUK
SEG
EUK
WDL
ZKD
IXS
DHJ
RGJ
SMS
RAM
CRQ
IBW
TSA
HWS
SUT
XNU
QKO
HLZ
UFU
CNN
EBA
QNS
QAI
VWW
CBE
FVS
WCH
YPN
ISF
MAX
FEZ
ZOK
QPU
BAP
IXX
EFA
ZVD
HOX
ERJ
CCD
IFQ
HAZ
SIO
ZOC
UKI
DJR
PVT
VCG
JXY
HBA
TDO
LVC
ZLC
JFD
PIB
DZT
ZOF
SMQ
ENV
IWG
ZDI
XYM
EEX
IJY
SJC
GTM
WUA
LJJ
VPR
JYD
RLD
BJZ
NXS
VWQ
NHY
ADK
YUI
WTX
URI
LFL
DBQ
BOY
KWE
PGE
NUC
OAQ
LXO
UDW
GRA
ZFN
PRE
ZAD
GBF
RMB
RTT
SLT
WNL
AKY
CZP
RQO
SXM
ADB
VBA
AVC
IBV
YRO
IYQ
QQN
DBE
INB
UMP
ZCG
AVA
TYG
TZB
DQH
FUU
KDJ
RTF
VMR
SYI
IHB
UVS
IYT
GWX
DEM
NSO
XJQ
PEA
HEV
LRJ
USK
JKJ
LTZ
ATC
WHJ
HUW
QJZ
IDJ
EJH
TAW
HAX
RDQ
BJQ
EEU
EKQ
VQS
MFH
LBS
HFZ
ISM
CKM
UTG
HXR
DKY
WLO
POY
JMM
EZZ
ZSP
CAR
KIW
RKZ
RFF
MVD
UUG
LVD
RJP
XOW
IYX
JQG
SUX
VGG
VVQ
IID
WOA
PMA
OCR
NCL
FGV
EKY
FUV
MUU
FKH
RMD
FWU
XAV
ULN
YEA
PFO
OXK
RFH
VTM
PLU
QBG
NSS
LDG
EIO
IXW
NWL
FMU
PZG
ZDQ
BRM
NMB
BNV
USY
GAS
JKK
FRY
OMH
FTQ
KPX
SXF
EXD
VIY
RPD
WVY
KOD
AWA
HHL
MDA
XJC
GZP
VIW
HZW
ZYK
XIO
YZY
CCI
BEL
ZXJ
PRA
MLE
HUB
FWZ
HIY
PAI
YTG
WOT
NWG
XMS
MPV
PVJ
JYV
RGW
XLE
QMJ
TUK
QRP
LBX
USD
GCO
OCT
CCE
FKF
NOX
GTJ
BDQ
JYR
NVB
QXA
NLT
WYI
JPE
EFZ
EJA
FEP
PIN
JTH
FPC
RUW
WBE
KXU
QXC
MQL
EBS
QNF
BIB
CJP
YWX
EEZ
VZS
WJX
MGW
DNO
MFQ
WDU
JDR
JWL
GWA
NEC
ROZ
TZU
SZD
YXO
DIA
ATT
OAL
FEU
YTB
QKM
LWV
IQL
DBI
YMO
WOH
GTP
DVY
XPN
LFY
JQQ
JKV
OPX
MRF
HPO
FIS
RJH
GGB
ZLK
YDQ
MHB
ERL
SSJ
JZN
KDI
DLQ
MLQ
NGJ
YCG
ZYV
GIY
MHV
NID
YSF
DXS
MRU
TAG
VLX
KAT
UWT
QVI
AXS
IAR
XXZ
LXJ
WQP
NQU
TBM
CPX
YHJ
BIN
LQK
IQD
RIB
NLB
NLJ
PTK
JCN
OMJ
EMW
ITV
CMO
AWL
COE
YAZ
GCZ
ZLA
UWH
BXZ
TQG
QDF
DAP
AAP
ALZ
ISI
IDQ
IYI
IIB
WLQ
OXU
ALW
STK
CVB
OIO
LIT
WNP
GIJ
JKT
JPF
NVV
SYB
JMI
QTQ
OEI
WBU
CIL
ESR
JTE
KKO
FYV
AAD
NXY
SGX
YCO
EZH
RXL
EBX
YMF
REO
DEC
IEW
HKZ
NPN
KCW
WLP
DUB
LOF
WVO
COO
MKI
AAW
PXG
XFC
XUZ
FWT
JIB
GVU
RJY
SRE
TXS
SDA
WYG
TFU
TSO
FTE
GUK
FZV
GPL
VWN
JVB
WCT
ZJP
QDE
YSH
SWN
TLM
FKB
KFQ
JMQ
EFL
RCZ
AWT
AWZ
EFY
KFO
ITW
WGT
WPW
RJE
RMX
YQB
JUL
EHA
GBY
IRB
WPM
GST
ZZD
LPM
JFS
QMI
DVV
EKI
AAZ
MGV
GPD
PNQ
ZHI
NXF
HLN
YFH
AYE
EPB
YMU
EWW
QTA
WCV
QXW
HET
NYK
HVU
XPP
ULS
WDY
ULO
AND
QSX
YIO
XVP
LZE
OWS
PGN
KUK
EHU
LWK
XLQ
JRU
VGN
XWM
RDI
BGE
WTN
UKN
YXA
VJZ
BVH
VDF
NGT
UHT
YXK
GEI
VKP
WYF
KNZ
EZM
MGG
XPG
FTB
FNG
ZSH
XWJ
DDX
OZK
CEX
JGI
SOP
TZP
KVI
OAB
YYN
CGQ
MLL
AUE
KWA
RKH
PAL
GYN
DMA
OOK
HXA
ZIY
QSG
HBQ
OYT
DMR
CVV
MXJ
CPP
AKM
LNH
ZNU
IHG
UIB
VGT
DTG
JQA
UJK
AZS
YRQ
SWS
YPE
ZDS
PEK
JZB
YST
JRG
TFR
YWC
EXU
VBR
WYS
SXE
EAZ
JHO
OCC
GQQ
XDZ
GTQ
YDG
ZKB
CLT
VHF
YBM
CZN
TVL
QVP
UEA
PRN
EDG
YAS
QLG
RZW
VYT
CWQ
MJM
JIL
CBN
FJQ
YPZ
XUB
AWU
BOS
BNY
SBD
YWW
LZM
SJZ
AHF
TIT
JHW
BJT
XZR
LSG
AWJ
ABG
PVZ
JKU
IOO
CCH
OKC
ZJB
EYY
ORY
OMC
HDG
RMY
RNI
GAD
GJI
PDL
FUW
YOS
FVC
CZJ
UOE
UKB
DNY
UHP
QNI
AYK
XOR
AEA
HKS
NAZ
NFV
JRP
BCN
ADE
ITZ
MMS
MEE
GXU
NMU
RES
VSI
MNA
THE
AGZ
EFQ
ZTA
VLH
XDC
TNR
WUY
TXO
FYP
FJB
ULF
VPO
LCB
SAC
BCC
VLY
XKU
DVS
RND
PAS
IVO
LXN
VYS
NFY
CMV
RLB
ZJH
IQF
OGM
YPA
JXH
LLI
PCI
SON
QKT
GJG
OYI
ZHH
KZL
YNY
SZF
WVZ
KBK
VNF
UZG
GVT
LIQ
ODM
HYD
VAO
IKU
OIL
FHH
JJD
XXT
UDA
DZR
RTB
KUO
SSO
DEQ
EGA
TBT
DIL
FHD
HNM
ABH
QMH
CGA
NZR
AFW
MWC
OJB
UXQ
AXM
DZU
QWX
QGI
FEM
ABY
FIH
MGI
UDJ
UAS
RQV
YVD
TAF
ZCE
ZUF
PSJ
BHU
IYG
JWB
YPV
UBP
JTA
HEH
CWZ
PNV
PXF
WAO
CER
NTQ
EZS
NZW
DDS
EIG
XFG
ZFD
LFG
HLO
LTO
HPS
GVI
PMM
GGC
YDP
VDL
TMW
LQH
TXX
JZF
RVG
CXA
VEN
NPY
BFL
LEP
BQK
KRQ
WTP
ATV
MCL
NAU
KQY
YLC
GMQ
WBV
OAN
ZGU
DOA
DFB
XOP
CBT
PGL
VOI
ALL
GIC
FML
ZNR
BRZ
BCT
DUQ
JMK
HJX
VEE
NIH
KNC
HVV
FPJ
KCS
RVM
XNP
HLU
GVW
ZZY
HYU
RYI
TLX
NAM
ABI
FKK
QBH
RXS
FYL
WOK
ZBU
SUB
XEC
YDR
LSI
SRZ
IMA
EYH
XSK
BUH
AHK
DLX
SNV
EGP
RDP
CYH
LAK
OWH
KSO
VAR
STF
RXJ
FOC
ENT
DRA
YXD
OCX
CIG
YMT
XOB
VIH
LYG
XQF
BCQ
PZZ
VPM
DCM
SLS
TJL
SOG
JGF
RMK
JKS
LVG
PKN
KFE
TQD
OGA
WIB
TJH
XHE
WVL
CJK
LBN
FAA
PRK
SWV
IJR
CIT
WII
ZEF
HWQ
HOJ
VKL
BNL
TRP
TKZ
YZT
ITH
DAT
KTM
ULR
KXH
FJG
MPR
HRF
ULT
TRL
MHI
HRN
QPC
IEG
YUQ
YPX
IUM
MVA
FCG
YEO
FNW
LWI
IEX
DXO
PFL
RFC
XPV
KYV
ZAK
QFZ
LJM
ZPA
HSO
CYS
DKM
SUJ
XFP
MIK
GKO
QHU
JDD
UQW
NNC
FAC
MOD
UCU
YSZ
TTY
ANZ
LHS
NVT
HDC
BTI
DUW
AKO
ODQ
IZS
FOH
VQK
UZQ
ANB
CHH
HAB
XLP
ULK
MQC
PMG
YOL
ZJL
CZC
YIB
RWH
PFW
KAL
LYN
MHR
PIL
BAF
LOJ
JTX
TML
TQB
INY
MEU
WNO
PLM
FSG
SBZ
WTO
CZZ
VLT
NLN
JNQ
XSX
XCW
ZIO
DUC
MCI
KSJ
XDJ
PHY
YLV
GGD
EOS
VOP
OSD
JBG
GLM
RSA
PEW
YDV
LRB
NYN
YZS
GSO
AIH
ABQ
XDU
NNE
HVK
SAU
ZTC
UCR
WZL
KYC
BZD
XAS
AGJ
NZC
CKS
GRE
YWJ
QHG
OQA
HEC
XDI
WAI
BYB
WGD
ZYE
MZI
QJS
IKX
QCD
OXD
TMF
QZY
MIT
XSF
RAK
CLL
OSQ
LYX
ZYZ
VBI
AVR
RSU
BUM
IFE
JUK
WZJ
GOC
XKN
TAP
LXV
YHQ
NBE
ASL
ICJ
TTG
ZFH
UYQ
VZD
KZD
LEO
VXQ
IWT
UBZ
NQG
WZY
KSP
BML
ZCR
KQA
YJB
KJO
GNR
RPS
IBD
XYA
AJC
JJC
JYJ
BWH
DKV
XSQ
VFA
QRM
PVK
ULJ
ZXU
MKY
IOT
LDB
NNM
JKA
NHR
CUT
RRD
MAB
TRX
HTQ
VRK
WTW
IUZ
TKD
GLU
LAJ
LPJ
KML
IKR
VJA
MFR
DIX
NFI
NBF
IVJ
WYV
CJC
MVZ
SPH
CVZ
CCK
UVX
CCO
YVG
BWW
LXA
QOL
DRR
ZCA
TBL
NND
LIW
JXU
VYB
YFU
BNE
EOH
OTO
QAO
GWK
PED
FTY
MPK
FJE
QPV
FSD
DQR
PRM
VSC
AET
XYL
UNT
GQZ
TTH
JWE
PWV
GMT
VNH
KGH
QTK
VHG
SAG
JRI
LVR
DFV
JWT
EMX
MKS
VZC
RSS
FTP
PBH
RKJ
UPP
ILU
QEV
MCT
SEB
TOP
LOG
DUE
DQL
MXQ
YZA
ROI
YJN
CBY
CNM
HJG
YEK
BME
ENA
NUH
RPZ
XJH
KZY
AHR
CTX
NZE
SGG
GTE
QGF
QNK
KYD
RUH
XUT
UBH
JQL
HNP
XIK
VXF
NYW
CBM
TJX
CMU
LBO
XRL
BPO
XDG
SBB
DKP
DST
MKQ
MCV
HLR
TSJ
QWG
PAW
ZMC
LBR
MGO
TYF
YYU
GDW
QXH
AZC
XWI
PSA
KLN
CQR
HCS
PAF
FHO
YHK
TAR
RNY
ULI
XTE
UYP
UOK
JSF
UGL
RNE
QCF
IMB
PDG
ITX
IRI
BNH
TIJ
JQD
CQP
HGA
TXH
PQB
YHI
DZB
ZVL
OWT
MYC
NXL
SCV
UPA
BBI
LEA
LYY
KNY
CJO
FPU
QDC
RZR
WCN
TEJ
SPL
KLI
VFM
YCA
LGB
BKV
WWB
EVZ
HGV
BXH
DFI
NJA
HLJ
FVT
LRX
ZAB
OAP
WVP
VHP
KIO
CLI
LLN
CMB
QHE
TVJ
IWS
BLT
KJM
UTM
KIX
JIW
UPF
WNA
YBL
LAZ
LMW
QPD
CZQ
QBZ
IMZ
TDS
VKQ
LWZ
WXM
KIJ
PPN
ZFA
YUV
RGB
KSE
FIZ
TLA
CWC
TKC
QRQ
NPA
BIS
EYR
XLT
OIQ
MBB
AAT
SWH
UFD
HMD
XXS
TUP
KVO
NWV
TCX
ZVB
MZZ
XHC
OAF
LHY
ZCP
MZA
ISK
VVF
FGI
HAS
BWZ
IWU
YPK
DOW
MEO
QTV
NYI
DYG
QVK
WSA
POX
GUZ
WLI
WQA
QZO
HUX
KVP
PFX
KIA
RPC
UGI
BYE
XVW
EUG
LTB
MLU
YGY
EDM
OCP
PPB
CRF
MJO
KYU
RLK
ZUI
JGB
SUF
PYV
PRW
MQP
JHQ
IDX
MLA
MGC
YCS
GQC
HTH
YVQ
WWF
SMU
BJV
OMQ
PSH
VHM
YOF
LBM
LIE
IAA
RWF
ADO
IXU
CFX
ASQ
UYF
ZTB
TNC
TOL
GQT
TXZ
CUU
SPN
GVK
FKG
QJG
WEX
UKG
JQM
ARR
RWY
CSC
ICX
IRG
STM
FEB
PZW
IOJ
XIL
CCW
BNJ
EBH
CTB
LQI
SEO
JHI
EDS
ZCH
EIM
HJF
LIV
VMU
FIY
NQB
KPK
JJV
BCO
YUM
GPI
NZS
FLS
QEC
NRR
TZV
STE
RBY
CQJ
UPS
PNT
YGR
FNY
GNO
KBS
MHZ
GPW
GNM
KPD
TEW
HTO
IDS
SIH
SNA
XCN
YAP
QKA
MCA
FBI
JHA
DJJ
MBW
DVP
BHB
MDS
SDC
WZQ
TCJ
SSS
CMR
JQF
WFF
FQJ
OKN
QBW
RLE
XMO
QWY
SUN
NVH
LRT
YVA
LZG
VSO
JXD
QCE
KEM
CZX
UHW
BXE
WWG
MND
QJI
NAK
LNB
GSQ
FNK
SEV
KEO
LNJ
AXA
DJX
ZTO
LDP
YHB
FTW
IKG
QBA
JSN
UPQ
NOP
IMV
RAJ
IJO
NPP
GVP
QBD
LNU
XZP
XZW
HMV
HJJ
ZRB
RCL
HMW
QOB
PLD
RXP
FDU
JJT
REB
ASY
UTQ
TGT
NTB
RTI
ZWI
MPZ
XNJ
BOE
KOI
MJV
PGJ
FMW
BQZ
OOB
ZEE
FGU
WKD
NPH
GCD
XSV
WRG
OLA
PQD
QNN
VBE
HFK
ZQD
MTI
APT
LTW
AMA
ISO
KUW
JGQ
LRD
BTS
TKS
GXC
RNH
TWB
RSY
UFF
LYW
EKS
OXS
ZEQ
VEP
LNQ
HCO
OBF
XVE
DQD
RTY
XWD
NZV
XKW
IQS
NMK
JLN
YNU
PKG
JPR
YEP
LYI
XGU
VZW
NLV
QQA
NMD
FLW
FCO
EYX
LKH
YDX
PUK
FQU
REA
QMY
BGY
BUQ
RYW
BVQ
IPO
GFI
QJL
FRM
GDN
NEI
GWQ
JAU
VWH
GIP
TRB
UBR
FMF
OIW
NEX
MAQ
QEA
HIV
NRO
DCH
RSG
MVC
OBP
ZVP
FWD
ZER
ENK
QFY
JMA
YRA
HMC
EJU
OTU
RAT
AXZ
XQU
HDP
TIO
JNF
ZQE
YKR
GJL
KUI
EZC
VIN
XFV
BGR
NPK
HUZ
FKN
KAX
EJP
JNK
JOK
ACK
BNG
RUF
KVY
YSN
CQE
PIU
ZAZ
MAZ
NRB
GLE
DSX
RCQ
WQK
NVM
MVW
HYE
MLC
NAH
QSQ
OVY
PPL
JCC
VTV
BFG
URU
EWM
IAP
EHQ
DUH
QXZ
HUC
AML
PVG
OFV
XVA
RIU
EUB
IWC
GFE
XFD
IQV
YLQ
MEY
SPV
VUF
QAD
VTD
MVM
QEP
WFB
QKY
XCF
FIG
FXG
YNB
UXE
ZZJ
CES
QCM
FSC
QXG
ETA
WKN
PUO
PUV
ZVE
XXI
RJO
BBY
ARC
KHU
GHO
APC
OOM
ONJ
SJA
GQV
WJW
GTX
ZWT
PEZ
UNO
PUM
CNK
OGD
ILF
RBX
SLD
WVN
FHF
WPY
GNV
IZI
KZR
AQU
KUG
HJT
QXP
KDX
LMB
ZGY
SSH
FHA
BCZ
RPQ
TEG
EXV
HLG
YGI
JCB
TEV
DXT
YIN
PUW
KBT
EPX
ZQW
PVM
LFZ
PDA
BRJ
TYC
IKO
HZG
ZHE
MPU
XIP
ODO
YQN
YRN
SVQ
AKW
IOA
SPY
ZPW
IWI
LJL
DON
TRW
POQ
CSG
JST
LQW
ZZP
CSI
YAM
GRK
QLF
BPC
RRH
CWE
AFG
CRZ
ENY
WHU
NLS
WRN
NIK
HXZ
CEB
ZOV
INT
XHO
NZZ
SWQ
PPW
GAQ
FFA
MAP
SSF
IOR
DMU
UBF
CRT
VEK
YHT
HEF
BMS
EIL
KTB
TVN
GFA
CGK
CDH
CRL
MXW
THO
MSE
POL
AWK
IFF
GJS
GAF
UMG
SXZ
NAN
TQH
ARG
GKY
ZMS
EKB
AOS
IVI
QUX
ETF
UFE
TEP
PWB
DKS
HGT
TYA
VFC
OWB
DPC
BGM
DCO
EYA
MUH
KUJ
EWR
MWM
PHS
HWZ
EEN
BLO
BWY
FBU
XQP
FNJ
EJI
XGR
TBZ
GQD
VQW
VVO
RYC
WUO
OXF
QPB
CAK
FWJ
LGC
VVB
EMF
UJF
EVJ
CKY
SJS
DYF
CNR
ZOI
RFE
WHQ
PYO
UNR
SDY
AGW
PXU
IXT
BSE
GKT
RWT
KNG
OLR
SDJ
VQV
KZX
SNF
OCN
YKZ
KRC
TCF
ING
FJK
EOG
QCL
BDG
SMV
CTC
IWR
JFU
KNO
TQP
NTU
KXP
JJR
GYX
WLZ
GCB
XQX
YQW
ZSC
IBL
VLF
BPB
XDP
HBV
QOR
QUY
TXY
TPH
ORH
EPG
GDT
ZPK
BEG
UZI
VPB
MZG
EIU
MWK
JDW
VBG
MKM
HQZ
PSL
YDH
OGQ
NQS
SMK
SWP
ZDH
TIC
JGN
BPW
RCR
FHM
WUH
ZIF
PVD
GNG
MUP
CQU
VRD
ALI
QFN
PNR
XKM
SEH
AAU
EXJ
KRZ
LXH
HQU
ABV
MCU
SOV
GBX
IPI
OJJ
WCW
THD
QAF
HNF
YIM
QGC
ECN
FSN
HIQ
LSN
PHH
JFC
XIW
TQF
QML
IWL
BCS
JUB
GIZ
TVA
SKN
TAB
NOI
HIO
STQ
TRV
GKR
XTA
SJN
BWE
YWE
QPS
EOO
AMZ
XHY
NZU
USL
LUZ
QBE
EIX
TSD
AXY
GYO
ZRL
MCY
XAJ
XZF
PXZ
KOS
GPR
ZTQ
ZPT
FYM
YXP
AKP
GSF
AGA
PLR
XXD
YIF
QDU
VJQ
TGU
OHK
ZGK
YUK
RMM
DTP
IBC
CDB
AYC
MNW
MLY
DVC
ZUT
ZXE
XGJ
LSP
NKH
KUD
BIU
TWR
TGD
ZOS
NJF
XWN
CHT
ABX
MTW
LDT
YLJ
WXP
QWF
INJ
CQK
GMG
NCH
CPJ
HRX
AHS
TCO
UYL
JAL
TNS
XKQ
RVN
OJN
WAM
MRV
TFL
VIB
TRU
NGI
GCI
BJR
OZQ
QIN
TES
JKY
JJU
WUZ
XQD
JUC
JXB
URQ
DNV
MML
YEC
ZPE
XRX
XYN
PQA
AYT
AVE
SZB
TDT
XCM
CKE
RGC
OQT
IGG
QYY
APW
YWP
KMY
KKQ
OSO
UWZ
NDD
LIG
LDK
GDM
HKH
XQI
TUU
TRS
JGY
EKG
WVI
DWH
XZI
CAP
XWR
UNM
ZPO
XZM
BGA
LHQ
NOS
WKZ
JQR
KHO
BGN
VVC
ACR
BQO
UBN
RFB
AVK
CYN
KFR
CPU
HSW
GAE
LWT
LJG
VRH
OHU
OAR
AVI
JAS
YJR
NVU
SGU
YCR
TDB
CFN
MZD
CHS
SIG
LLH
ANO
DJZ
TEL
DOY
IFZ
HVR
ZJM
DRX
HFE
AXK
GRI
SVX
AFJ
YON
ZDT
QNJ
SXW
KLA
WTI
KEZ
MXK
XZK
QDJ
TRR
DCZ
JGM
GPX
OTP
PPX
SLO
XRS
FLZ
YHF
DWY
MSX
RFS
TUE
MOT
BHR
QMB
VGO
ZJT
QDN
HDJ
FDH
BBE
HAA
IYY
AKG
RBQ
INM
XGO
KPT
VRC
PRP
UIQ
AIU
GTD
BNA
POR
UBW
OFO
PWE
ILB
UTW
QKU
JUZ
PGW
AUQ
WOU
EQJ
KJR
CJJ
SEK
EFR
ZCT
SZC
SAH
RZQ
DKJ
FVP
LYJ
KKG
ZVA
WMB
YSA
HBN
OWA
LVM
OAJ
MBO
BON
NEQ
PRD
PJG
PYJ
GLW
SLV
GFB
FVX
SRH
XQV
JPY
MDB
XWK
NVD
PQN
XSJ
JWS
ECT
NSK
CEP
PAB
HMF
ZGN
NAL
LXB
KVC
ZVO
HYY
XIX
ZJD
UKD
FGH
DNK
IUB
MQF
CKL
OHS
UHX
GUM
DZV
FGE
FZD
LHA
JPI
DSY
IHD
WIW
MLD
YGW
TCG
EQO
HFW
PRH
DPT
IUC
OXZ
WAU
GIA
SNB
EOQ
RCC
LDD
BHY
KEA
UEF
UWO
PDJ
DXK
WPV
VLM
HXD
IPC
TBF
USI
UKW
XSW
EKZ
JIP
COA
KAD
KXD
CQN
QST
JVY
HPC
TKF
VEZ
ANM
YMR
YRK
DSL
ZGZ
YCC
CUF
QLY
JIO
NJO
ADD
DTU
IBU
ATB
KLD
ZGE
OJO
JDB
KVM
WFM
ZHY
CIP
BRS
SCL
QIU
VGE
VZY
OOS
SXI
VEQ
OHD
RCV
AZG
MCE
ZDG
RPT
XUV
STC
NVX
OPV
DSC
KXQ
TFJ
UMN
GGR
IGW
DQJ
GNA
HYV
MFA
DGA
NYL
TJE
CTF
XMW
YVT
ZAT
RBR
YRI
BPG
IKB
PGX
XID
GLJ
VGJ
JTS
FMK
SIU
QCV
QOC
OJL
WRZ
PVU
PAN
RRT
OEX
OXN
XWU
JJP
RJU
XYU
GOI
HMH
UYS
TTB
ZXQ
MSI
OZC
IJM
HRL
OFG
UBS
ZHX
QWA
RTV
THX
EOD
LNS
PMQ
WYQ
KWN
UEC
HGW
XRJ
NUV
MHQ
HQR
SNT
VPU
IUN
OKE
MXV
TJP
AHG
EWI
QXB
GNK
JDF
QSR
GAW
MED
VYP
WNK
CWX
RZA
HUT
CIM
NQE
RAZ
XJL
URO
CRR
YRM
PAH
MSS
JBZ
TUR
QCW
ZZH
VMV
GZX
XZV
IQE
VQJ
NMY
IIE
ZKE
WCY
UQS
LGQ
BQU
AWS
GXE
NFZ
NUB
NKK
MXY
KFT
XYC
VXX
FUQ
OOH
EMC
IJE
DKQ
TQT
WMI
EEA
IIU
QNT
ZXX
QGJ
BLL
QCB
TOM
YPJ
JSW
XPA
YVL
XAO
DTM
FUL
EBR
VBN
GXS
FNU
MIF
XHL
UAV
BSL
YIT
KYB
DWB
MIB
ZRR
TKY
BFQ
NDQ
FDV
SQS
BLK
PCV
PLB
FXE
XBI
ZGX
PUR
SEU
LKS
CIB
NLE
KYM
RPX
KPW
OZA
BTW
VXN
OPH
ILC
OWZ
NLD
WVC
THJ
LUD
NJL
DOK
JEC
STW
JBL
OIC
FPK
BMC
IGF
SYL
IIM
EXW
PKD
TWI
AQP
SVO
PMB
TCY
ERV
MRX
KLT
VPD
RBE
JEA
EUJ
XFU
FSZ
NAY
SQB
IQU
BKC
QYC
TQY
GZL
TIU
IYL
JJF
FGW
NLA
EAC
QLM
AXW
UQE
HAT
DRC
JBP
NAR
DLU
FHK
MRB
VER
IHW
UOC
ANI
GKM
USO
CPE
NXD
LLP
GEY
JLV
CKP
UTD
PZN
FMH
NET
WXG
LUQ
JHZ
KRT
OUR
FYZ
FHC
VWU
ZCQ
VCA
RSB
BLD
KJQ
AXV
YEI
YYC
BDA
BZL
XAA
FVO
QFM
LEI
EAY
FRN
DBT
YBQ
NUP
ZEG
KZK
VWB
WCI
NBC
QJA
DLR
SZR
JYU
JBU
OAS
UFZ
XIT
POB
RHE
SBA
DVU
EST
KAG
RHY
TAX
XER
VQU
SXQ
ACE
RTD
PDW
FLN
ZGW
CEG
UUF
ECL
AGE
FEK
YRJ
DFW
TQS
ITJ
KXV
EPC
ABT
VYO
GSS
RQR
ARZ
JMC
GAC
DWN
OPA
VKF
NHZ
ZBS
KCX
WGE
VFY
DUZ
FIM
CFW
XSD
DBS
BLR
AMS
ZRX
SQR
XXX
SQG
ZZV
WYX
ENL
BBR
QXR
RPB
WFG
KBA
RZF
YHC
RDB
DEA
ATI
ZXM
DCQ
PPP
PWU
MGA
SNZ
MXL
ZEI
MRG
MYX
FOI
YFW
WJO
ACZ
KIT
CCA
OPO
TBO
RKS
FFR
PVI
TVX
END
PIT
ASA
KJD
EVT
YEL
UZH
BGU
ORU
KOF
ELX
LPQ
YVU
EDW
CWB
DAF
ORP
MZW
SLM
SWL
TGL
DPG
SWT
QHP
QJK
FKX
ZXS
STP
SQK
TGI
FYG
COB
GKZ
XNS
GAZ
INQ
KAR
OUD
JOI
CUY
CDS
RAX
KLP
RBF
XCZ
YYT
FCN
QYP
ELP
JCY
PEP
GLS
HUA
XWX
WTR
KHH
KZB
MSG
AMM
GHP
XTO
HPN
UIF
CPF
JZX
HHQ
FTD
JHH
FQK
DSF
VUP
KZZ
CDM
INN
WTS
BYC
GPF
FHQ
LCE
LZA
MCH
WJI
DJP
HYL
REI
KZE
ZCD
HWL
ELH
XWP
DXA
HAG
KST
BWF
CYK
APA
UGM
HYA
DYX
KNA
MQK
CHG
YFG
UEL
JXZ
XVO
SDR
HTZ
CTO
TYV
BHC
BHV
HQE
XGG
LUU
ANW
ARM
EGT
BUC
AAA
ZZI
DAM
XAU
HLA
MTQ
TXB
TLZ
DRD
AKE
RHH
GEB
XZE
ZHC
IVR
RCK
DGU
VIK
XDS
LKD
UUA
ODS
WXT
DOZ
LFN
OGX
BAH
PDZ
LCL
XED
GRS
QGE
LWJ
IWK
GOG
YHA
NRZ
ROH
USV
EUT
TOS
TBY
AGC
OXC
NJY
UOO
CXD
GOU
ZTU
GWU
ASF
MNQ
QZB
LND
RQF
MMR
DIT
ZFO
TTO
MXI
QEY
KHS
IXK
EPU
XOT
NUJ
LXK
EER
SKS
OEV
ASU
RDV
TGB
GHY
FLP
SFT
NOQ
KFW
SCQ
WBI
SBP
ZMJ
YAB
VAY
OIG
UZA
VCV
HOU
PXL
PIO
FKS
TDD
SZE
JRW
ZOX
KIZ
ACF
PXX
SAA
WON
